input_id,link,title,category,address,open_hours,popular_times,website,phone,plus_code,review_count,review_rating,reviews_per_rating,latitude,longitude,cid,status,descriptions,reviews_link,thumbnail,timezone,price_range,data_id,street_view_url,place_id,images,reservations,order_online,menu,owner,complete_address,credit_cards_accepted,about,user_reviews,user_reviews_extended,emails,_key_name,_key_phone
de7d0fca-0239-41c3-9449-e77179ce5fd1,https://www.google.com/maps/place/Chistar/data=!4m7!3m6!1s0x1042c37c471b2b2d:0x77d2da2748894b54!8m2!3d9.0583263!4d7.4704033!16s%2Fg%2F11qq780dck!19sChIJLSsbR3zDQhARVEuJSCfa0nc?authuser=0&hl=en&g_ep=EgoyMDI2MDgyNC4wIJJjKgBIAVAD&rclk=1,Chistar,Delivery service,"Zone 3, Chistar, Plot 2312 Tamale St, Wuse, Abuja 900281, Federal Capital Territory",{},{},,0803 730 6177,3F5C+85 Abuja,1,5.0,"{""1"":0,""2"":0,""3"":0,""4"":0,""5"":1}",9.058326,7.470403,8634203297878199124,,,,https://streetviewpixels-pa.googleapis.com/v1/thumbnail?panoid=Ui0hgrOeuPJftLat9hvJ4Q&cb_client=search.gws-prod.gps&w=408&h=240&yaw=303.85193&pitch=0&thumbfov=100,Africa/Lagos,,0x1042c37c471b2b2d:0x77d2da2748894b54,https://www.google.com/maps/@?api=1&map_action=pano&pano=Ui0hgrOeuPJftLat9hvJ4Q,ChIJLSsbR3zDQhARVEuJSCfa0nc,"[{""title"":""All"",""image"":""https://streetviewpixels-pa.googleapis.com/v1/thumbnail?panoid=Ui0hgrOeuPJftLat9hvJ4Q\u0026cb_client=maps_sv.tactile.gps\u0026w=224\u0026h=298\u0026yaw=303.85193\u0026pitch=0\u0026thumbfov=100""},{""title"":""Street View \u0026 360°"",""image"":""https://streetviewpixels-pa.googleapis.com/v1/thumbnail?panoid=Ui0hgrOeuPJftLat9hvJ4Q\u0026cb_client=maps_sv.tactile.gps\u0026w=224\u0026h=298\u0026yaw=303.85193\u0026pitch=0\u0026thumbfov=100""}]",,,"{""link"":"""",""source"":""""}","{""id"":"""",""name"":""Chistar (Owner)"",""link"":""""}","{""borough"":""Wuse"",""street"":""Zone 3, Plot 2312 Tamale St"",""city"":""Abuja"",""postal_code"":""900281"",""state"":""Federal Capital Territory"",""country"":""NG""}",,,"[{""Name"":""Lolo Chime"",""ProfilePicture"":""https://lh3.googleusercontent.com/a-/ALV-UjUxJ4fivzGXZo4eEfl_G_K-EoXjz8IrAabGJ1Lr6HVfbrKbUYU=s120-c-rp-mo-br100"",""Rating"":5,""Description"":"""",""Images"":null,""When"":""6 months ago"",""review_id"":""Ci9DQUlRQUNvZENodHljRjlvT2xWek4xVkJUbWR6WnpNNFNVdzRMV1ZXU1doNVlsRRAB"",""source"":""Google"",""rating_scale"":5,""rating_float"":5,""author_url"":""https://www.google.com/maps/contrib/112695593606651469927/reviews?hl=en-GB"",""posted_at_unix_micros"":1769525865896094,""updated_at_unix_micros"":1769525865896094,""language"":"""",""translated_lang"":"""",""text_original"":"""",""text_translated"":"""",""published_at"":""2026-01-27T14:57:45.896094Z""}]",,,chistar,08037306177
8dbf7f0a-57e9-449a-90c8-34f442d3cb65,https://www.google.com/maps/place/Arib+%28West+Africa%29+Limited/data=!4m7!3m6!1s0x104e0b30778c327b:0x2642bed82299ab88!8m2!3d9.060256!4d7.4692136!16s%2Fg%2F11jt75knd7!19sChIJezKMdzALThARiKuZIti-QiY?authuser=0&hl=en&g_ep=EgoyMDI2MDgyMy4wIJJjKgBIAVAD&rclk=1,Arib (West Africa) Limited,Shipping service,"Suite B34, Arib (West Africa) Limited, Abuja Shopping Mall, Wuse, Zone3 904101, Federal Capital Territory","{""Friday"":[""9 am–6 pm""],""Monday"":[""9 am–6 pm""],""Saturday"":[""9 am–6 pm""],""Sunday"":[""Closed""],""Thursday"":[""9 am–6 pm""],""Tuesday"":[""9 am–6 pm""],""Wednesday"":[""9 am–6 pm""]}",{},,,3F69+4M Abuja,0,0.0,"{""1"":0,""2"":0,""3"":0,""4"":0,""5"":0}",9.060256,7.469214,2756975757406874504,,,,,Africa/Lagos,,0x104e0b30778c327b:0x2642bed82299ab88,,ChIJezKMdzALThARiKuZIti-QiY,[],,,"{""link"":"""",""source"":""""}","{""id"":""118185357666738251059"",""name"":""Arib (West Africa) Limited (Owner)"",""link"":""https://www.google.com/maps/contrib/118185357666738251059""}","{""borough"":""Wuse"",""street"":""Suite B34, Abuja Shopping Mall"",""city"":""Zone3"",""postal_code"":"""",""state"":""Federal Capital Territory"",""country"":""NG""}",,,[],,,aribwestafricalimited,
8dbf7f0a-57e9-449a-90c8-34f442d3cb65,https://www.google.com/maps/place/Royal+Mail/data=!4m7!3m6!1s0x104e0bc242636527:0x86020a8fa78e3634!8m2!3d9.0627473!4d7.4712836!16s%2Fg%2F11tfbd41zp!19sChIJJ2VjQsILThARNDaOp48KAoY?authuser=0&hl=en&g_ep=EgoyMDI2MDgyMy4wIJJjKgBIAVAD&rclk=1,Royal Mail,Shipping service,"Zone 3, Royal Mail, Shop 4 Neighbourhood Centre Rd, Wuse, Abuja 904101, Federal Capital Territory","{""Friday"":[""9 am–6 pm""],""Monday"":[""9 am–6 pm""],""Saturday"":[""9 am–6 pm""],""Sunday"":[""Closed""],""Thursday"":[""9 am–6 pm""],""Tuesday"":[""9 am–6 pm""],""Wednesday"":[""9 am–6 pm""]}",{},,0703 969 9042,3F7C+3G Abuja,3,5.0,"{""1"":0,""2"":0,""3"":0,""4"":0,""5"":3}",9.062747,7.471284,9656292163143480884,,,,https://lh3.googleusercontent.com/gps-cs-s/AHRPTWkVVIrO5B_L0X69ZYXJ1p3HxHn9R6YSXrrBO0C_kgv1S-D9chHX3kdKAXcM1v-TPu-U3TDf0xFI4DRstnQgaq1if81y3QMJi1xkF7wWaPblx_DRLKN5YPhIjUPVzQCKLeQyk7rzTK0dQ-Ml=w408-h913-k-no,Africa/Lagos,,0x104e0bc242636527:0x86020a8fa78e3634,https://www.google.com/maps/@?api=1&map_action=pano&pano=iH9cqM3vQAwyL0-BiOqlOQ,ChIJJ2VjQsILThARNDaOp48KAoY,"[{""title"":""All"",""image"":""https://lh3.googleusercontent.com/gps-cs-s/AHRPTWkVVIrO5B_L0X69ZYXJ1p3HxHn9R6YSXrrBO0C_kgv1S-D9chHX3kdKAXcM1v-TPu-U3TDf0xFI4DRstnQgaq1if81y3QMJi1xkF7wWaPblx_DRLKN5YPhIjUPVzQCKLeQyk7rzTK0dQ-Ml=w224-h501-k-no""},{""title"":""Street View \u0026 360°"",""image"":""https://streetviewpixels-pa.googleapis.com/v1/thumbnail?panoid=iH9cqM3vQAwyL0-BiOqlOQ\u0026cb_client=maps_sv.tactile.gps\u0026w=224\u0026h=298\u0026yaw=127.82788\u0026pitch=0\u0026thumbfov=100""},{""title"":""Videos"",""image"":""https://lh3.googleusercontent.com/gps-cs-s/AHRPTWlUPLWkOe-didsYszb-tRrRS8g0ESL1anwQuUyBb0r0n5HzHIrvRnaZFPqUV4JrP2IL6y5vGMY4SQwi-IhKhtBt0xzYAyqGDr48jEpg4czGpgu2SRykrpVuaa7asOFk836tVbaYSO82baI=w224-h501-k-no""}]",,,"{""link"":"""",""source"":""""}","{""id"":""105120062319920156388"",""name"":""Royal Mail (Owner)"",""link"":""https://www.google.com/maps/contrib/105120062319920156388""}","{""borough"":""Wuse"",""street"":""Zone 3, Shop 4 Neighbourhood Centre Rd"",""city"":""Abuja"",""postal_code"":"""",""state"":""Federal Capital Territory"",""country"":""NG""}",,,"[{""Name"":""FIRST LINK EXPRESS CARGO"",""ProfilePicture"":""https://lh3.googleusercontent.com/a-/ALV-UjWifmvl3-pBh2A8L91umMgJBM80FRO25BD1Vsi6rPohL96jG2I=s120-c-rp-mo-br100"",""Rating"":5,""Description"":""So great in business"",""Images"":null,""When"":""3 years ago"",""review_id"":""ChdDSUhNMG9nS0VJQ0FnSUMtdlpldnpnRRAB"",""source"":""Google"",""rating_scale"":5,""rating_float"":5,""author_url"":""https://www.google.com/maps/contrib/109222556301530419517/reviews?hl=en-GB"",""posted_at_unix_micros"":1668172806242482,""updated_at_unix_micros"":1668172806242482,""language"":""en"",""translated_lang"":"""",""text_original"":""So great in business"",""text_translated"":"""",""published_at"":""2022-11-11T13:20:06.242482Z""},{""Name"":""Khalifa Abdullahi"",""ProfilePicture"":""https://lh3.googleusercontent.com/a/ACg8ocKfkBjkbVQmAFXPJZ67Qcfuc3SonNyo6m9R6gwnjIAVegEhDQ=s120-c-rp-mo-br100"",""Rating"":5,""Description"":"""",""Images"":[""https://lh3.googleusercontent.com/grass-cs/ACvplmPf1QOO-50i7mSbSQvy6NJyjHjEAJjHv27exoo3O5YNiP-Eni78_GV-FdCsWLFCFr_p-jgguXsLHZnMX8QdPgJTgu1cJgENY5ui0SSDOp_fLpv9r16eU8ynNtnXUr7qFfc3dq40B0LrkCMF=k-no"",""https://lh3.googleusercontent.com/grass-cs/ACvplmNDwYZF9PoB0gja5uUCYUTkJ0g0F9ahO87ups8V-2v2fWTE3TOh62UR_BrZWgmT42Lql5k5GckA8Ijo9dzk4Yj05Y4BJBQzp0fqlnGlq6HFWSRTSn1BJy44nMKJKlpp4h7rLe1zIFDgBrI=k-no"",""https://lh3.googleusercontent.com/grass-cs/ACvplmNEvhpNS5WlZuicJMcJlBBGZROdrzRlh3zILQ-I3W-a0tswl5rilB2DYZRKPJ1vpkUfGMLi1vSDDKGcJOjflGXXqPRoWqAcr_oi_I7FLczYs8H_D701vApgbPRvHxqPhp6v8VB-HIEJQdbo=k-no""],""When"":""8 months ago"",""review_id"":""Ci9DQUlRQUNvZENodHljRjlvT2taWk5FVkdTM3BNT0U5V1FsZGllR3hpVVdwWlVFRRAB"",""source"":""Google"",""rating_scale"":5,""rating_float"":5,""author_url"":""https://www.google.com/maps/contrib/104626376736426038456/reviews?hl=en-GB"",""posted_at_unix_micros"":1765876421352182,""updated_at_unix_micros"":1765876421352182,""language"":"""",""translated_lang"":"""",""text_original"":"""",""text_translated"":"""",""published_at"":""2025-12-16T09:13:41.352182Z""},{""Name"":""Omoh Sunday"",""ProfilePicture"":""https://lh3.googleusercontent.com/a/ACg8ocKxl1UVH2MEiOYC9AughEvtBVfJmy2H_TGXILWXAR1-60uTNw=s120-c-rp-mo-br100"",""Rating"":5,""Description"":"""",""Images"":[""https://lh3.googleusercontent.com/grass-cs/ACvplmMrS5jup9Ka8wvfHu1mWgPWJXC9bOtbf8BCnLBmlyrixfqn426mmHpzxO6rGfLaMZpp-melwhudebfQ7bvSgc5v1kjwepKRySHB6N-x3P6EdyUe0-OhOxhjlvVD8F0XB82YbBoM=k-no""],""When"":""a year ago"",""review_id"":""ChdDSUhNMG9nS0VJQ0FnSURfdnRhcy13RRAB"",""source"":""Google"",""rating_scale"":5,""rating_float"":5,""author_url"":""https://www.google.com/maps/contrib/105048933703367608637/reviews?hl=en-GB"",""posted_at_unix_micros"":1737728273334396,""updated_at_unix_micros"":1737728273334396,""language"":"""",""translated_lang"":"""",""text_original"":"""",""text_translated"":"""",""published_at"":""2025-01-24T14:17:53.334396Z""}]",,,royalmail,07039699042
6da18506-ed4a-4a60-a47a-085e81c6dab2,https://www.google.com/maps/place/T.N.T.+Express+Worlwide/data=!4m7!3m6!1s0x104e0b0f3de6d6fd:0x2d0ea26d282d32d9!8m2!3d9.0596457!4d7.4719463!16s%2Fg%2F11s94ngpgm!19sChIJ_dbmPQ8LThAR2TItKG2iDi0?authuser=0&hl=en&g_ep=EgoyMDI2MDgyMy4wIJJjKgBIAVAD&rclk=1,T.N.T. Express Worlwide,Shipping service,"Shop 4 Shopping Complex, Wuse Zone 3, Federal Capital Territory","{""Friday"":[""9 am–6 pm""],""Monday"":[""9 am–6 pm""],""Saturday"":[""9 am–6 pm""],""Sunday"":[""Closed""],""Thursday"":[""9 am–6 pm""],""Tuesday"":[""9 am–6 pm""],""Wednesday"":[""9 am–6 pm""]}",{},,0810 642 5953,3F5C+VQ Abuja,0,0.0,"{""1"":0,""2"":0,""3"":0,""4"":0,""5"":0}",9.059646,7.471946,3246710971089892057,,,,https://streetviewpixels-pa.googleapis.com/v1/thumbnail?panoid=PssHVRhjdjRnrmbxZidsSQ&cb_client=search.gws-prod.gps&w=408&h=240&yaw=23.54912&pitch=0&thumbfov=100,Africa/Lagos,,0x104e0b0f3de6d6fd:0x2d0ea26d282d32d9,https://www.google.com/maps/@?api=1&map_action=pano&pano=PssHVRhjdjRnrmbxZidsSQ,ChIJ_dbmPQ8LThAR2TItKG2iDi0,"[{""title"":""All"",""image"":""https://streetviewpixels-pa.googleapis.com/v1/thumbnail?panoid=PssHVRhjdjRnrmbxZidsSQ\u0026cb_client=maps_sv.tactile.gps\u0026w=224\u0026h=298\u0026yaw=23.54912\u0026pitch=0\u0026thumbfov=100""},{""title"":""Street View \u0026 360°"",""image"":""https://streetviewpixels-pa.googleapis.com/v1/thumbnail?panoid=PssHVRhjdjRnrmbxZidsSQ\u0026cb_client=maps_sv.tactile.gps\u0026w=224\u0026h=298\u0026yaw=23.54912\u0026pitch=0\u0026thumbfov=100""}]",,,"{""link"":"""",""source"":""""}","{""id"":""102350724417339013907"",""name"":""T.N.T. Express Worlwide (Owner)"",""link"":""https://www.google.com/maps/contrib/102350724417339013907""}","{""borough"":""Wuse"",""street"":""Shop 4 Shopping Complex, Wuse Zone 3"",""city"":""Abuja"",""postal_code"":"""",""state"":""Federal Capital Territory"",""country"":""NG""}",,,[],,,tntexpressworlwide,08106425953
6da18506-ed4a-4a60-a47a-085e81c6dab2,https://www.google.com/maps/place/Suvex+Delivery+Services+Ltd/data=!4m7!3m6!1s0x104e0b9993498401:0x80db762ccc561dd9!8m2!3d9.0596417!4d7.471949!16s%2Fg%2F11ng6sv1qf!19sChIJAYRJk5kLThAR2R1WzCx224A?authuser=0&hl=en&g_ep=EgoyMDI2MDgyMy4wIJJjKgBIAVAD&rclk=1,Suvex Delivery Services Ltd,Delivery service,"Suite 22A Zone 3 Shopping Complex Zone 3, Wuse Fct, Federal Capital Territory",{},{},,0803 317 0597,3F5C+VQ Abuja,0,0.0,"{""1"":0,""2"":0,""3"":0,""4"":0,""5"":0}",9.059642,7.471949,9285144991533243865,,,,https://streetviewpixels-pa.googleapis.com/v1/thumbnail?panoid=PssHVRhjdjRnrmbxZidsSQ&cb_client=search.gws-prod.gps&w=408&h=240&yaw=25.396725&pitch=0&thumbfov=100,Africa/Lagos,,0x104e0b9993498401:0x80db762ccc561dd9,https://www.google.com/maps/@?api=1&map_action=pano&pano=PssHVRhjdjRnrmbxZidsSQ,ChIJAYRJk5kLThAR2R1WzCx224A,"[{""title"":""All"",""image"":""https://streetviewpixels-pa.googleapis.com/v1/thumbnail?panoid=PssHVRhjdjRnrmbxZidsSQ\u0026cb_client=maps_sv.tactile.gps\u0026w=224\u0026h=298\u0026yaw=25.396725\u0026pitch=0\u0026thumbfov=100""},{""title"":""Exterior"",""image"":""//lh3.googleusercontent.com/WcYjVcnppEcaU6FsHHw0Q-tmnfEGaj8Ln3a8dBRi-A2Q0U19fQyygd_j_UkGhDSW=w529-h298-k-no""},{""title"":""Street View \u0026 360°"",""image"":""https://streetviewpixels-pa.googleapis.com/v1/thumbnail?panoid=PssHVRhjdjRnrmbxZidsSQ\u0026cb_client=maps_sv.tactile.gps\u0026w=224\u0026h=298\u0026yaw=25.396725\u0026pitch=0\u0026thumbfov=100""}]",,,"{""link"":"""",""source"":""""}","{""id"":""115706516935928677634"",""name"":""Suvex Delivery Services Ltd (Owner)"",""link"":""https://www.google.com/maps/contrib/115706516935928677634""}","{""borough"":""Wuse"",""street"":""Suite 22A Zone 3 Shopping Complex Zone 3, Wuse Fct"",""city"":""Abuja"",""postal_code"":"""",""state"":""Federal Capital Territory"",""country"":""NG""}",,,[],,,suvexdeliveryservicesltd,08033170597
6da18506-ed4a-4a60-a47a-085e81c6dab2,https://www.google.com/maps/place/Global+Links+Limited/data=!4m7!3m6!1s0x104e0b117958d5b7:0x98459672e4dacb20!8m2!3d9.053106!4d7.467751!16s%2Fg%2F1th894b7!19sChIJt9VYeRELThARIMva5HKWRZg?authuser=0&hl=en&g_ep=EgoyMDI2MDgyMy4wIJJjKgBIAVAD&rclk=1,Global Links Limited,Courier service,"Suite 5 Mangal Plaza Plot 1 Garowa Street Zone 1 Wuse, Federal Capital Territory","{""Friday"":[""9 am–6 pm""],""Monday"":[""9 am–6 pm""],""Saturday"":[""Closed""],""Sunday"":[""Closed""],""Thursday"":[""9 am–6 pm""],""Tuesday"":[""9 am–6 pm""],""Wednesday"":[""9 am–6 pm""]}",{},,0802 303 3336,3F39+64 Wupa,2,5.0,"{""1"":0,""2"":0,""3"":0,""4"":0,""5"":2}",9.053106,7.467751,10972341487368063776,,,,https://lh3.googleusercontent.com/gps-cs-s/AHRPTWkTeA6eWzwbmAcLYJjXFe0Kr9LS3DiBMhKJ6st1AU-DAqHwa46VMHDLob6QIsuK3GUJbCu_SPoxfLqvHdEe0f0vC5EyqqgmQVtaA_Y4OWPn9siCbhZxr6mMDMT0AvKudbFec8sJ=w408-h714-k-no,Africa/Lagos,,0x104e0b117958d5b7:0x98459672e4dacb20,https://www.google.com/maps/@?api=1&map_action=pano&pano=h-o6icbYExZS0QaHXiK95Q,ChIJt9VYeRELThARIMva5HKWRZg,"[{""title"":""All"",""image"":""https://lh3.googleusercontent.com/gps-cs-s/AHRPTWkTeA6eWzwbmAcLYJjXFe0Kr9LS3DiBMhKJ6st1AU-DAqHwa46VMHDLob6QIsuK3GUJbCu_SPoxfLqvHdEe0f0vC5EyqqgmQVtaA_Y4OWPn9siCbhZxr6mMDMT0AvKudbFec8sJ=w224-h392-k-no""},{""title"":""Street View \u0026 360°"",""image"":""https://streetviewpixels-pa.googleapis.com/v1/thumbnail?panoid=h-o6icbYExZS0QaHXiK95Q\u0026cb_client=maps_sv.tactile.gps\u0026w=224\u0026h=298\u0026yaw=221.61108\u0026pitch=0\u0026thumbfov=100""}]",,,"{""link"":"""",""source"":""""}","{""id"":""115520586612430520451"",""name"":""Global Links Limited (Owner)"",""link"":""https://www.google.com/maps/contrib/115520586612430520451""}","{""borough"":""Wuse"",""street"":""Suite 5 Mangal Plaza Plot 1 Garowa Street Zone 1 Wuse"",""city"":""Wupa"",""postal_code"":"""",""state"":""Federal Capital Territory"",""country"":""NG""}",,,"[{""Name"":""Ella Musa"",""ProfilePicture"":""https://lh3.googleusercontent.com/a/ACg8ocJC5S6t2DLfsogk-rG1VbQtPXELNWa8UbrDJMkW9zRb-yU6Sw=s120-c-rp-mo-br100"",""Rating"":5,""Description"":""We use ZAFO Global links for all of our shipping; both domestic and international for over 5years now. I highly recommend them. Seamless services from A-Z.\nGood customer relations, They render easy, safe and efficient services. Kudos to the team💪"",""Images"":null,""When"":""3 years ago"",""review_id"":""ChZDSUhNMG9nS0VJQ0FnSURSNjRlMUlBEAE"",""source"":""Google"",""rating_scale"":5,""rating_float"":5,""author_url"":""https://www.google.com/maps/contrib/109238979196104231147/reviews?hl=en-GB"",""posted_at_unix_micros"":1683189412792793,""updated_at_unix_micros"":1683189412792793,""language"":""en"",""translated_lang"":"""",""text_original"":""We use ZAFO Global links for all of our shipping; both domestic and international for over 5years now. I highly recommend them. Seamless services from A-Z.\nGood customer relations, They render easy, safe and efficient services. Kudos to the team💪"",""text_translated"":"""",""published_at"":""2023-05-04T08:36:52.792793Z""},{""Name"":""Nasir Muhammad"",""ProfilePicture"":""https://lh3.googleusercontent.com/a-/ALV-UjWqmTEw_g1eNdgvOhMHOEpTDVmFdq6A2tOe_l_Aq0eaXJ9TCiQ=s120-c-rp-mo-br100"",""Rating"":5,""Description"":"""",""Images"":null,""When"":""7 years ago"",""review_id"":""ChZDSUhNMG9nS0VJQ0FnSURVeFB6blBREAE"",""source"":""Google"",""rating_scale"":5,""rating_float"":5,""author_url"":""https://www.google.com/maps/contrib/111438693987969762845/reviews?hl=en-GB"",""posted_at_unix_micros"":1565779599788044,""updated_at_unix_micros"":1565779599788044,""language"":"""",""translated_lang"":"""",""text_original"":"""",""text_translated"":"""",""published_at"":""2019-08-14T10:46:39.788044Z""}]",,,globallinkslimited,08023033336
80f19c73-68df-4386-a572-55124a1f1c90,https://www.google.com/maps/place/Sagacity+Logistics/data=!4m7!3m6!1s0x104e0b3b000f0e2f:0x1031b40b9c34ea22!8m2!3d9.0509538!4d7.4426367!16s%2Fg%2F11sgqbdkc6!19sChIJLw4PADsLThARIuo0nAu0MRA?authuser=0&hl=en&g_ep=EgoyMDI2MDgyNC4wIJJjKgBIAVAD&rclk=1,Sagacity Logistics,Logistics service,"Office 3 Utility Block, Wuye Modern Market, Wuye, Ankuru 234234, Federal Capital Territory","{""Friday"":[""Open 24 hours""],""Monday"":[""Open 24 hours""],""Saturday"":[""Open 24 hours""],""Sunday"":[""Open 24 hours""],""Thursday"":[""Open 24 hours""],""Tuesday"":[""Open 24 hours""],""Wednesday"":[""Open 24 hours""]}","{""Friday"":{""0"":52,""1"":42,""10"":31,""11"":36,""12"":42,""13"":47,""14"":47,""15"":47,""16"":31,""17"":21,""18"":36,""19"":47,""2"":36,""20"":73,""21"":57,""22"":52,""23"":47,""3"":26,""4"":26,""5"":26,""6"":26,""7"":42,""8"":47,""9"":47},""Monday"":{""0"":26,""1"":26,""10"":36,""11"":36,""12"":52,""13"":31,""14"":36,""15"":47,""16"":73,""17"":100,""18"":94,""19"":94,""2"":15,""20"":52,""21"":52,""22"":36,""23"":47,""3"":15,""4"":21,""5"":21,""6"":26,""7"":31,""8"":21,""9"":21},""Saturday"":{""0"":42,""1"":36,""10"":42,""11"":47,""12"":42,""13"":42,""14"":36,""15"":36,""16"":31,""17"":26,""18"":26,""19"":26,""2"":26,""20"":36,""21"":52,""22"":52,""23"":47,""3"":15,""4"":15,""5"":31,""6"":42,""7"":52,""8"":42,""9"":47},""Sunday"":{""0"":21,""1"":36,""10"":57,""11"":63,""12"":52,""13"":52,""14"":42,""15"":52,""16"":31,""17"":21,""18"":10,""19"":10,""2"":26,""20"":21,""21"":26,""22"":26,""23"":21,""3"":15,""4"":15,""5"":26,""6"":31,""7"":52,""8"":47,""9"":52},""Thursday"":{""0"":21,""1"":15,""10"":31,""11"":26,""12"":26,""13"":36,""14"":52,""15"":78,""16"":68,""17"":52,""18"":47,""19"":42,""2"":21,""20"":42,""21"":42,""22"":31,""23"":21,""3"":36,""4"":26,""5"":31,""6"":31,""7"":42,""8"":31,""9"":26},""Tuesday"":{""0"":36,""1"":26,""10"":26,""11"":21,""12"":10,""13"":10,""14"":10,""15"":21,""16"":26,""17"":31,""18"":47,""19"":47,""2"":21,""20"":47,""21"":47,""22"":42,""23"":47,""3"":15,""4"":15,""5"":15,""6"":26,""7"":26,""8"":21,""9"":21},""Wednesday"":{""0"":21,""1"":31,""10"":42,""11"":42,""12"":42,""13"":36,""14"":36,""15"":31,""16"":36,""17"":47,""18"":47,""19"":42,""2"":42,""20"":36,""21"":42,""22"":36,""23"":26,""3"":52,""4"":26,""5"":15,""6"":5,""7"":21,""8"":31,""9"":52}}",,0913 710 6873,3C2V+93 Ankuru,1,3.0,"{""1"":0,""2"":0,""3"":1,""4"":0,""5"":0}",9.050954,7.442637,1166911740424022562,,,,https://lh3.googleusercontent.com/gps-cs-s/AHRPTWnwU0EFeVjzTV0WLPTPFXhr_2Y45urY8UjzTagnGzJQBLhNymh6snGWodw-L-tgPsBxbul-VslamkPGWfYny1w_lZw14U3WxENU5G4yc8TN32jzaEeZDqQSNXDoAO_-w3xgtXOl=w408-h408-k-no,Africa/Lagos,,0x104e0b3b000f0e2f:0x1031b40b9c34ea22,https://www.google.com/maps/@?api=1&map_action=pano&pano=5YsvYB3iqCMcFBXXKZgSLg,ChIJLw4PADsLThARIuo0nAu0MRA,"[{""title"":""All"",""image"":""https://lh3.googleusercontent.com/gps-cs-s/AHRPTWnwU0EFeVjzTV0WLPTPFXhr_2Y45urY8UjzTagnGzJQBLhNymh6snGWodw-L-tgPsBxbul-VslamkPGWfYny1w_lZw14U3WxENU5G4yc8TN32jzaEeZDqQSNXDoAO_-w3xgtXOl=w298-h298-k-no""},{""title"":""By owner"",""image"":""https://lh3.googleusercontent.com/gps-cs-s/AHRPTWm5Bf26HtVjsh6LntjT9u95KbqoDSoNxx-CE9NbhQxABn69zsFfJA8Wcj9UoUJwbn1AMbvEm3NyPPnRQjml1MtN3TwdssqAEJAtC2o44gcfVyqUY_hSBl_oEehXAlKYFz-oGtIK=w224-h298-k-no""},{""title"":""Street View \u0026 360°"",""image"":""https://streetviewpixels-pa.googleapis.com/v1/thumbnail?panoid=5YsvYB3iqCMcFBXXKZgSLg\u0026cb_client=maps_sv.tactile.gps\u0026w=224\u0026h=298\u0026yaw=173.7152\u0026pitch=0\u0026thumbfov=100""}]",,,"{""link"":"""",""source"":""""}","{""id"":""116445509610651020324"",""name"":""Sagacity Logistics (Owner)"",""link"":""https://www.google.com/maps/contrib/116445509610651020324""}","{""borough"":""Wuye"",""street"":""Office 3 Utility Block, Wuye Modern Market"",""city"":""Ankuru"",""postal_code"":""234234"",""state"":""Federal Capital Territory"",""country"":""NG""}",,"[{""id"":""accessibility"",""name"":""Accessibility"",""options"":[{""name"":""Wheelchair-accessible car park"",""enabled"":true}]}]","[{""Name"":""lanre Olas"",""ProfilePicture"":""https://lh3.googleusercontent.com/a-/ALV-UjWZsAfloSe8Xu5mfEH92xGtFP53jxy9iC_Lp_YE7nji7LHWZjk-=s120-c-rp-mo-ba12-br100"",""Rating"":3,""Description"":"""",""Images"":null,""When"":""3 years ago"",""review_id"":""ChdDSUhNMG9nS0VJQ0FnSUMtNklmbWdBRRAB"",""source"":""Google"",""rating_scale"":5,""rating_float"":3,""author_url"":""https://www.google.com/maps/contrib/104761136610130744584/reviews?hl=en-GB"",""posted_at_unix_micros"":1666778512579012,""updated_at_unix_micros"":1666778512579012,""language"":"""",""translated_lang"":"""",""text_original"":"""",""text_translated"":"""",""published_at"":""2022-10-26T10:01:52.579012Z""}]",,,sagacitylogistics,09137106873
80f19c73-68df-4386-a572-55124a1f1c90,https://www.google.com/maps/place/Stradel+CSH/data=!4m7!3m6!1s0x104e0af19b0c97c9:0x2a1f7cefd7924e0f!8m2!3d9.0846711!4d7.4728239!16s%2Fg%2F11fn7t5z1l!19sChIJyZcMm_EKThARD06S1-98Hyo?authuser=0&hl=en&g_ep=EgoyMDI2MDgyNC4wIJJjKgBIAVAD&rclk=1,Stradel CSH,Logistics service,"No. 1, Kandi close, off Aminu Kano Cres, Wuse 2, Abuja, Federal Capital Territory","{""Friday"":[""8 am–5 pm""],""Monday"":[""8 am–5 pm""],""Saturday"":[""Closed""],""Sunday"":[""Closed""],""Thursday"":[""8 am–5 pm""],""Tuesday"":[""8 am–5 pm""],""Wednesday"":[""8 am–5 pm""]}",{},http://stradel.com.ng/,234909998027,3FMF+V4 Abuja,3,4.0,"{""1"":0,""2"":0,""3"":1,""4"":1,""5"":1}",9.084671,7.472824,3035282043426721295,,,,https://streetviewpixels-pa.googleapis.com/v1/thumbnail?panoid=QFeyJ0BYIzkuX3OF1gR6ZQ&cb_client=search.gws-prod.gps&w=408&h=240&yaw=228.26248&pitch=0&thumbfov=100,Africa/Lagos,,0x104e0af19b0c97c9:0x2a1f7cefd7924e0f,https://www.google.com/maps/@?api=1&map_action=pano&pano=QFeyJ0BYIzkuX3OF1gR6ZQ,ChIJyZcMm_EKThARD06S1-98Hyo,"[{""title"":""All"",""image"":""https://streetviewpixels-pa.googleapis.com/v1/thumbnail?panoid=QFeyJ0BYIzkuX3OF1gR6ZQ\u0026cb_client=maps_sv.tactile.gps\u0026w=224\u0026h=298\u0026yaw=228.26248\u0026pitch=0\u0026thumbfov=100""},{""title"":""Street View \u0026 360°"",""image"":""https://streetviewpixels-pa.googleapis.com/v1/thumbnail?panoid=QFeyJ0BYIzkuX3OF1gR6ZQ\u0026cb_client=maps_sv.tactile.gps\u0026w=224\u0026h=298\u0026yaw=228.26248\u0026pitch=0\u0026thumbfov=100""}]",,,"{""link"":"""",""source"":""""}","{""id"":"""",""name"":""Stradel CSH (Owner)"",""link"":""""}","{""borough"":""Wuse 2"",""street"":""No. 1, Kandi close, off Aminu Kano Cres"",""city"":""Abuja"",""postal_code"":"""",""state"":""Federal Capital Territory"",""country"":""NG""}",,,"[{""Name"":""emmanuel musa"",""ProfilePicture"":""https://lh3.googleusercontent.com/a-/ALV-UjXQtdW5-12VnitIAXKuyC_XvHa6kYmc38zrxoJxsAxEwlCws150RA=s120-c-rp-mo-ba12-br100"",""Rating"":3,""Description"":""A reliable upcoming organisation that you can depend on for your business."",""Images"":null,""When"":""6 months ago"",""review_id"":""Ci9DQUlRQUNvZENodHljRjlvT25aVFJFRjRibkEzTFhCUE1FVlliVVJXVFZsMmJuYxAB"",""source"":""Google"",""rating_scale"":5,""rating_float"":3,""author_url"":""https://www.google.com/maps/contrib/101054092580040577945/reviews?hl=en-GB"",""posted_at_unix_micros"":1770812177825951,""updated_at_unix_micros"":1770812177825951,""language"":""en"",""translated_lang"":"""",""text_original"":""A reliable upcoming organisation that you can depend on for your business."",""text_translated"":"""",""published_at"":""2026-02-11T12:16:17.825951Z""},{""Name"":""Audu Alayande"",""ProfilePicture"":""https://lh3.googleusercontent.com/a-/ALV-UjXr9SGV0DvymRW142jUQiVQQ4wnWd8swi83IPFgPEs7R9EOgP2s=s120-c-rp-mo-br100"",""Rating"":4,""Description"":""Strategically located for good business results."",""Images"":null,""When"":""2 weeks ago"",""review_id"":""Ci9DQUlRQUNvZENodHljRjlvT2t0amJGTlpRalJWYjB0ME5GaHlWRWhRYkhOc1pIYxAB"",""source"":""Google"",""rating_scale"":5,""rating_float"":4,""author_url"":""https://www.google.com/maps/contrib/117009482828349539924/reviews?hl=en-GB"",""posted_at_unix_micros"":1786478605965200,""updated_at_unix_micros"":1786478605965200,""language"":""en"",""translated_lang"":"""",""text_original"":""Strategically located for good business results."",""text_translated"":"""",""published_at"":""2026-08-11T20:03:25.9652Z""},{""Name"":""Fatima A.M"",""ProfilePicture"":""https://lh3.googleusercontent.com/a-/ALV-UjW2g21Z84iEz6LgwA8rFQN_k3xUTyMoemrb_zpFDVxfpGVwP2OY=s120-c-rp-mo-br100"",""Rating"":5,""Description"":"""",""Images"":null,""When"":""5 months ago"",""review_id"":""Ci9DQUlRQUNvZENodHljRjlvT25jeFdqRktUVGc0Y3psbldVMXhkM1pxTmpKdGRuYxAB"",""source"":""Google"",""rating_scale"":5,""rating_float"":5,""author_url"":""https://www.google.com/maps/contrib/111238065982423189307/reviews?hl=en-GB"",""posted_at_unix_micros"":1773753168504790,""updated_at_unix_micros"":1773753168504790,""language"":"""",""translated_lang"":"""",""text_original"":"""",""text_translated"":"""",""published_at"":""2026-03-17T13:12:48.50479Z""}]",,,stradelcsh,234909998027
80f19c73-68df-4386-a572-55124a1f1c90,https://www.google.com/maps/place/Norvac+Logistics+%26+Supply+chain/data=!4m7!3m6!1s0x104ddfc0d18d5a17:0x8cc8a30525209476!8m2!3d9.1210437!4d7.3852234!16s%2Fg%2F11zcv4wqfg!19sChIJF1qN0cDfTRARdpQgJQWjyIw?authuser=0&hl=en&g_ep=EgoyMDI2MDgyNC4wIJJjKgBIAVAD&rclk=1,Norvac Logistics & Supply chain,Construction material wholesaler,"The Carpenter, Gwarinpa, Abuja 900108, Federal Capital Territory","{""Friday"":[""Open 24 hours""],""Monday"":[""Open 24 hours""],""Saturday"":[""Open 24 hours""],""Sunday"":[""Closed""],""Thursday"":[""Open 24 hours""],""Tuesday"":[""Open 24 hours""],""Wednesday"":[""Open 24 hours""]}",{},,0810 793 9079,49CP+C3 Abuja,0,0.0,"{""1"":0,""2"":0,""3"":0,""4"":0,""5"":0}",9.121044,7.385223,10144537403145098358,,,,https://streetviewpixels-pa.googleapis.com/v1/thumbnail?panoid=TPdQJm8LTI7DLtx8A0ZbFQ&cb_client=search.gws-prod.gps&w=408&h=240&yaw=167.10503&pitch=0&thumbfov=100,Africa/Lagos,,0x104ddfc0d18d5a17:0x8cc8a30525209476,https://www.google.com/maps/@?api=1&map_action=pano&pano=TPdQJm8LTI7DLtx8A0ZbFQ,ChIJF1qN0cDfTRARdpQgJQWjyIw,"[{""title"":""All"",""image"":""https://streetviewpixels-pa.googleapis.com/v1/thumbnail?panoid=TPdQJm8LTI7DLtx8A0ZbFQ\u0026cb_client=maps_sv.tactile.gps\u0026w=224\u0026h=298\u0026yaw=167.10503\u0026pitch=0\u0026thumbfov=100""},{""title"":""Street View \u0026 360°"",""image"":""https://streetviewpixels-pa.googleapis.com/v1/thumbnail?panoid=TPdQJm8LTI7DLtx8A0ZbFQ\u0026cb_client=maps_sv.tactile.gps\u0026w=224\u0026h=298\u0026yaw=167.10503\u0026pitch=0\u0026thumbfov=100""}]",,,"{""link"":"""",""source"":""""}","{""id"":""101484204045128645917"",""name"":""Norvac Logistics \u0026 Supply chain (Owner)"",""link"":""https://www.google.com/maps/contrib/101484204045128645917""}","{""borough"":""Gwarinpa"",""street"":""The Carpenter"",""city"":""Abuja"",""postal_code"":"""",""state"":""Federal Capital Territory"",""country"":""NG""}",,,[],,,norvaclogisticssupplychain,08107939079
80f19c73-68df-4386-a572-55124a1f1c90,https://www.google.com/maps/place/Meat+Connoisseur+Nigeria/data=!4m7!3m6!1s0x104e774827954713:0xfe3a12039ba4f259!8m2!3d9.0658253!4d7.3422886!16s%2Fg%2F11nr55r8bd!19sChIJE0eVJ0h3ThARWfKkmwMSOv4?authuser=0&hl=en&g_ep=EgoyMDI2MDgyNC4wIJJjKgBIAVAD&rclk=1,Meat Connoisseur Nigeria,Meat processor,"Idu Industrial Layout, Idu Industrial District, Abuja 200008, Federal Capital Territory","{""Friday"":[""Open 24 hours""],""Monday"":[""Open 24 hours""],""Saturday"":[""Open 24 hours""],""Sunday"":[""Open 24 hours""],""Thursday"":[""Open 24 hours""],""Tuesday"":[""Open 24 hours""],""Wednesday"":[""Open 24 hours""]}",{},https://meatconnoisseur.com.ng/,0812 381 1208,388R+8W Abuja,1,5.0,"{""1"":0,""2"":0,""3"":0,""4"":0,""5"":1}",9.065825,7.342289,18318974240988394073,,,,https://lh3.googleusercontent.com/gps-cs-s/AHRPTWns5ACFYV05ppy5IZRjX8lnV5dAWweAbvqoE250g5H5z4rLId3_OZZTQ-INFVj8iiUja4d6H4d0E2ypd7D-0cw0p2n4I1Np2lQjePD9Dn-eIezuFGPKc_T-RD-mBsA2o3W5rlbSkwOWKmcP=w408-h408-k-no,Africa/Lagos,,0x104e774827954713:0xfe3a12039ba4f259,,ChIJE0eVJ0h3ThARWfKkmwMSOv4,"[{""title"":""All"",""image"":""https://lh3.googleusercontent.com/gps-cs-s/AHRPTWns5ACFYV05ppy5IZRjX8lnV5dAWweAbvqoE250g5H5z4rLId3_OZZTQ-INFVj8iiUja4d6H4d0E2ypd7D-0cw0p2n4I1Np2lQjePD9Dn-eIezuFGPKc_T-RD-mBsA2o3W5rlbSkwOWKmcP=w298-h298-k-no""},{""title"":""Latest"",""image"":""https://lh3.googleusercontent.com/gps-cs-s/AHRPTWns5ACFYV05ppy5IZRjX8lnV5dAWweAbvqoE250g5H5z4rLId3_OZZTQ-INFVj8iiUja4d6H4d0E2ypd7D-0cw0p2n4I1Np2lQjePD9Dn-eIezuFGPKc_T-RD-mBsA2o3W5rlbSkwOWKmcP=w298-h298-k-no""},{""title"":""By owner"",""image"":""https://lh3.googleusercontent.com/gps-cs-s/AHRPTWkS6nNa7Wka99O5ShI-jqTwQFl1bHq6DOzHLE1N3rTSXGbZEY_NWKa1gG454X5D9xPAIsRSEVTqPm3UgMvmUK9zS_qt7pFnkoKfHfgS0zAW-M5D6Ijtg1krpgaM9vhwlQ55K3HpiQCmUWg=w298-h298-k-no""}]",,,"{""link"":"""",""source"":""""}","{""id"":""101349000752026817529"",""name"":""Meat Connoisseur Nigeria (Owner)"",""link"":""https://www.google.com/maps/contrib/101349000752026817529""}","{""borough"":""Idu Industrial District"",""street"":""Idu Industrial Layout"",""city"":""Abuja"",""postal_code"":""200008"",""state"":""Federal Capital Territory"",""country"":""NG""}",,,"[{""Name"":""Adedoyin Blessing"",""ProfilePicture"":""https://lh3.googleusercontent.com/a-/ALV-UjXc-NC7IjAtuiegAkGXPh97NwdN5ZYqTP_vlLbbAHIWZ5zZ4Fws=s120-c-rp-mo-br100"",""Rating"":5,""Description"":""Fast delivery, good products 👍"",""Images"":null,""When"":""3 weeks ago"",""review_id"":""Ci9DQUlRQUNvZENodHljRjlvT2tsb1gyaDZSblJxUjA1TVZFZDZjRFpSYlZZeVRrRRAB"",""source"":""Google"",""rating_scale"":5,""rating_float"":5,""author_url"":""https://www.google.com/maps/contrib/114153448070355619770/reviews?hl=en-GB"",""posted_at_unix_micros"":1785845002518620,""updated_at_unix_micros"":1785845002518620,""language"":""en"",""translated_lang"":"""",""text_original"":""Fast delivery, good products 👍"",""text_translated"":"""",""published_at"":""2026-08-04T12:03:22.51862Z""}]",,info@meatconnoisseur.ng,meatconnoisseurnigeria,08123811208
80f19c73-68df-4386-a572-55124a1f1c90,https://www.google.com/maps/place/JAM-Forte+Logistics+Co.+Ltd/data=!4m7!3m6!1s0x104e0b0024e5ca29:0x9cb9beed3eb3d80!8m2!3d9.1632656!4d7.3531679!16s%2Fg%2F11xd8_d0m7!19sChIJKcrlJAALThARgD3r0-6bywk?authuser=0&hl=en&g_ep=EgoyMDI2MDgyNC4wIJJjKgBIAVAD&rclk=1,JAM-Forte Logistics Co. Ltd,Logistics service,"W214, F.0 1, JAM-Forte Logistics Co. Ltd, Building Material Market, Dambam Rd, Kubwa, 901101, Federal Capital Territory","{""Friday"":[""9 am–6 pm""],""Monday"":[""9 am–6 pm""],""Saturday"":[""9 am–6 pm""],""Sunday"":[""Closed""],""Thursday"":[""9 am–6 pm""],""Tuesday"":[""9 am–6 pm""],""Wednesday"":[""9 am–6 pm""]}","{""Friday"":{""10"":36,""11"":39,""12"":39,""13"":56,""14"":70,""15"":87,""16"":100,""17"":87,""18"":0,""19"":0,""20"":0,""21"":0,""22"":0,""23"":0,""6"":0,""7"":0,""8"":0,""9"":36},""Monday"":{""10"":63,""11"":56,""12"":46,""13"":46,""14"":51,""15"":70,""16"":87,""17"":85,""18"":0,""19"":0,""20"":0,""21"":0,""22"":0,""23"":0,""6"":0,""7"":0,""8"":0,""9"":60},""Saturday"":{""10"":19,""11"":31,""12"":46,""13"":65,""14"":60,""15"":58,""16"":60,""17"":60,""18"":0,""19"":0,""20"":0,""21"":0,""22"":0,""23"":0,""6"":0,""7"":0,""8"":0,""9"":19},""Sunday"":{},""Thursday"":{""10"":41,""11"":39,""12"":46,""13"":60,""14"":63,""15"":75,""16"":75,""17"":73,""18"":0,""19"":0,""20"":0,""21"":0,""22"":0,""23"":0,""6"":0,""7"":0,""8"":0,""9"":36},""Tuesday"":{""10"":34,""11"":39,""12"":34,""13"":43,""14"":53,""15"":73,""16"":85,""17"":95,""18"":0,""19"":0,""20"":0,""21"":0,""22"":0,""23"":0,""6"":0,""7"":0,""8"":0,""9"":34},""Wednesday"":{""10"":53,""11"":56,""12"":70,""13"":68,""14"":63,""15"":53,""16"":56,""17"":65,""18"":0,""19"":0,""20"":0,""21"":0,""22"":0,""23"":0,""6"":0,""7"":0,""8"":0,""9"":39}}",https://jamfortelogistics.com/,0906 914 4256,5973+87 Kubwa,5,4.6,"{""1"":0,""2"":0,""3"":1,""4"":0,""5"":4}",9.163266,7.353168,705829216673545600,,,,https://lh3.googleusercontent.com/gps-cs-s/AHRPTWlewakxAM2miml5zxbHgMKOPUaf7YYnV_dFvd5IjwtwBCYNuNRKR951hh5WkdlSbyU2bmIPUX9byA_rR3YhHUb6lHIBvcawKhy8KWvqFtXIRpH0BJt95cPl-nrHaTeCqfMB8l62BxlPMDA-=w408-h544-k-no,Africa/Lagos,,0x104e0b0024e5ca29:0x9cb9beed3eb3d80,,ChIJKcrlJAALThARgD3r0-6bywk,"[{""title"":""All"",""image"":""https://lh3.googleusercontent.com/gps-cs-s/AHRPTWlewakxAM2miml5zxbHgMKOPUaf7YYnV_dFvd5IjwtwBCYNuNRKR951hh5WkdlSbyU2bmIPUX9byA_rR3YhHUb6lHIBvcawKhy8KWvqFtXIRpH0BJt95cPl-nrHaTeCqfMB8l62BxlPMDA-=w224-h298-k-no""},{""title"":""By owner"",""image"":""https://lh3.googleusercontent.com/gps-cs-s/AHRPTWmsRE0DK0W119VgiWHx3k5viJMSdBPVf2aK1BS9e7VGd9xOwnwKSXDNCTvbwF9Xi0l4cCJGYqRxm_lZ78NFQisTo0oUi58H3bCWDEIHBg6_TXUtfmQIWbf3glcqYiM8D2Hpe2IYori-RXTJ=w224-h298-k-no""}]",,,"{""link"":"""",""source"":""""}","{""id"":""117001864656714199973"",""name"":""JAM-Forte Logistics Co. Ltd (Owner)"",""link"":""https://www.google.com/maps/contrib/117001864656714199973""}","{""borough"":""Kubwa"",""street"":""W214, F.0 1, Building Material Market, Dambam Rd"",""city"":""Kubwa"",""postal_code"":""901101"",""state"":""Federal Capital Territory"",""country"":""NG""}",,"[{""id"":""service_options"",""name"":""Service options"",""options"":[{""name"":""On-site services"",""enabled"":true}]},{""id"":""accessibility"",""name"":""Accessibility"",""options"":[{""name"":""Assistive hearing loop"",""enabled"":true},{""name"":""Wheelchair-accessible seating"",""enabled"":true},{""name"":""Wheelchair-accessible toilet"",""enabled"":true}]},{""id"":""amenities"",""name"":""Amenities"",""options"":[{""name"":""Gender-neutral toilets"",""enabled"":true}]},{""id"":""parking"",""name"":""Parking"",""options"":[{""name"":""Free of charge street parking"",""enabled"":true},{""name"":""Free parking lot"",""enabled"":true},{""name"":""On-site parking"",""enabled"":true}]}]","[{""Name"":""Anna Mape"",""ProfilePicture"":""https://lh3.googleusercontent.com/a/ACg8ocL6I1i_h0vRHL_5y35CJT42JFv6GZut2fLCFqLsMZYK6iObCQ=s120-c-rp-mo-br100"",""Rating"":5,""Description"":""I had an excellent experience with JAM-Forte logistics. Their service was fast, reliable, and very well organized. Communication was clear from start to finish, and my delivery arrived on time and in perfect condition. I highly recommend them to anyone looking for dependable logistics services."",""Images"":null,""When"":""6 months ago"",""review_id"":""Ci9DQUlRQUNvZENodHljRjlvT2kxeGVWaGZTVEppY2xKRE9XaHNRemRXUTNwUllsRRAB"",""source"":""Google"",""rating_scale"":5,""rating_float"":5,""author_url"":""https://www.google.com/maps/contrib/117017749544835330118/reviews?hl=en-GB"",""posted_at_unix_micros"":1769676961085778,""updated_at_unix_micros"":1769676961085778,""language"":""en"",""translated_lang"":"""",""text_original"":""I had an excellent experience with JAM-Forte logistics. Their service was fast, reliable, and very well organized. Communication was clear from start to finish, and my delivery arrived on time and in perfect condition. I highly recommend them to anyone looking for dependable logistics services."",""text_translated"":"""",""reply_text_original"":""Thank you for taking the time to leave us a positive review. We appreciate your feedback and look forward to serving you again."",""reply_language"":""en"",""reply_posted_at_unix_micros"":1769703978000000,""reply_updated_at_unix_micros"":1769703978000000,""published_at"":""2026-01-29T08:56:01.085778Z""},{""Name"":""Olamide Oladele"",""ProfilePicture"":""https://lh3.googleusercontent.com/a/ACg8ocJ_qMaCjO54QvJ65aOYLEN8YHih9ChqzUjs_KnJSkWEtav-Tg=s120-c-rp-mo-br100"",""Rating"":5,""Description"":""JAM-Forte Logistics has been a game-changer for my business my customers are happy because the deliveries are always on time and the rates are very good"",""Images"":null,""When"":""6 months ago"",""review_id"":""Ci9DQUlRQUNvZENodHljRjlvT25KR1YxUkpUa2hOWm5KTk4ySnVPSE14UkRaMU1XYxAB"",""source"":""Google"",""rating_scale"":5,""rating_float"":5,""author_url"":""https://www.google.com/maps/contrib/117844754070631381398/reviews?hl=en-GB"",""posted_at_unix_micros"":1771341833806438,""updated_at_unix_micros"":1771341833806438,""language"":""en"",""translated_lang"":"""",""text_original"":""JAM-Forte Logistics has been a game-changer for my business my customers are happy because the deliveries are always on time and the rates are very good"",""text_translated"":"""",""published_at"":""2026-02-17T15:23:53.806438Z""},{""Name"":""Iyongo Solomon Aondofa"",""ProfilePicture"":""https://lh3.googleusercontent.com/a-/ALV-UjWjCySXF1-APXftQmnbw5oKAYYa-iZxQIjL_LobBI3Bti5PaB1V=s120-c-rp-mo-ba12-br100"",""Rating"":3,""Description"":"""",""Images"":null,""When"":""3 months ago"",""review_id"":""Ci9DQUlRQUNvZENodHljRjlvT200MlYybHJha3BOTmpkU1VIaE1NakJ1UVVaVGVGRRAB"",""source"":""Google"",""rating_scale"":5,""rating_float"":3,""author_url"":""https://www.google.com/maps/contrib/115164918292995142555/reviews?hl=en-GB"",""posted_at_unix_micros"":1778237221424559,""updated_at_unix_micros"":1778237221424559,""language"":"""",""translated_lang"":"""",""text_original"":"""",""text_translated"":"""",""published_at"":""2026-05-08T10:47:01.424559Z""},{""Name"":""Odey Alice"",""ProfilePicture"":""https://lh3.googleusercontent.com/a-/ALV-UjU13Es6VdUv22sinhJD3yQXEs7Ny6tI2cxemuXl_5GDJltVIblT=s120-c-rp-mo-br100"",""Rating"":5,""Description"":"""",""Images"":null,""When"":""6 months ago"",""review_id"":""Ci9DQUlRQUNvZENodHljRjlvT2xORGVVWlVTMVV5ZEhrM00yNWhiMkZOUjE5T2IwRRAB"",""source"":""Google"",""rating_scale"":5,""rating_float"":5,""author_url"":""https://www.google.com/maps/contrib/103341148912008391935/reviews?hl=en-GB"",""posted_at_unix_micros"":1769702622671179,""updated_at_unix_micros"":1769702622671179,""language"":"""",""translated_lang"":"""",""text_original"":"""",""text_translated"":"""",""reply_text_original"":""Thank you for taking the time to leave us a positive review. We appreciate your feedback and look forward to serving you again."",""reply_language"":""en"",""reply_posted_at_unix_micros"":1769703938000000,""reply_updated_at_unix_micros"":1769703938000000,""published_at"":""2026-01-29T16:03:42.671179Z""},{""Name"":""Blessing Odey"",""ProfilePicture"":""https://lh3.googleusercontent.com/a/ACg8ocKLL6dSN9UZKXUwSZkrkg6oA82RtuwyirlRiJaSCluZxFAbpw=s120-c-rp-mo-br100"",""Rating"":5,""Description"":"""",""Images"":null,""When"":""6 months ago"",""review_id"":""Ci9DQUlRQUNvZENodHljRjlvT21GVE1tWlVlRk5xY0dsbVVrSnVabkpFTTA5NVVsRRAB"",""source"":""Google"",""rating_scale"":5,""rating_float"":5,""author_url"":""https://www.google.com/maps/contrib/115047461620758388138/reviews?hl=en-GB"",""posted_at_unix_micros"":1769658940394701,""updated_at_unix_micros"":1769702353816161,""language"":"""",""translated_lang"":"""",""text_original"":"""",""text_translated"":"""",""reply_text_original"":""Thank you for taking the time to leave us a positive review. We appreciate your feedback and look forward to serving you again."",""reply_language"":""en"",""reply_posted_at_unix_micros"":1769703947000000,""reply_updated_at_unix_micros"":1769703947000000,""published_at"":""2026-01-29T03:55:40.394701Z""}]",,,jamfortelogisticscoltd,09069144256
80f19c73-68df-4386-a572-55124a1f1c90,https://www.google.com/maps/place/B-Fab+Solutions+Nigeria+Limited/data=!4m7!3m6!1s0x104e73a0b089ed15:0x3e21ac072e2c1def!8m2!3d8.9874563!4d7.3751018!16s%2Fg%2F11l6jdlwf8!19sChIJFe2JsKBzThAR7x0sLgesIT4?authuser=0&hl=en&g_ep=EgoyMDI2MDgyNC4wIJJjKgBIAVAD&rclk=1,B-Fab Solutions Nigeria Limited,Logistics service,"Federal Housing, Plot 129 J-K Close, beside Peace Village, Lugbe 900107, Federal Capital Territory",{},{},,0706 931 6125,X9PG+X2 Lugbe,0,0.0,"{""1"":0,""2"":0,""3"":0,""4"":0,""5"":0}",8.987456,7.375102,4477048651422375407,,,,https://lh3.googleusercontent.com/gps-cs-s/AHRPTWmY3rM8up_LyHpHGOSKdnrdAt8hY2augsA-BpAzB721t6J7BFwdAoIUDVtMVUSrkKxHx1sffgq-_FY29dMk9NsaJdlOkkl7fwVu0Cw7z_ETzykXJ_6znLV0UEa9hdNFBf0u93wK=w408-h929-k-no,Africa/Lagos,,0x104e73a0b089ed15:0x3e21ac072e2c1def,https://www.google.com/maps/@?api=1&map_action=pano&pano=W5CfRIijggDpUopO30yHTg,ChIJFe2JsKBzThAR7x0sLgesIT4,"[{""title"":""All"",""image"":""https://lh3.googleusercontent.com/gps-cs-s/AHRPTWmY3rM8up_LyHpHGOSKdnrdAt8hY2augsA-BpAzB721t6J7BFwdAoIUDVtMVUSrkKxHx1sffgq-_FY29dMk9NsaJdlOkkl7fwVu0Cw7z_ETzykXJ_6znLV0UEa9hdNFBf0u93wK=w224-h510-k-no""},{""title"":""By owner"",""image"":""https://lh3.googleusercontent.com/gps-cs-s/AHRPTWkLH0cxNsbuF-GZioFkFz9f3OsrYQo3F0lyrpZm93xSVWuFYHAOJPrRGvip9zA16n4YI3YOT_PF5gUX05kzDJxPKxrt_jXgXiidRM4NBUeY4E-Q9saQuJDLK0EXND0_V8uBSivK=w224-h510-k-no""},{""title"":""Street View \u0026 360°"",""image"":""https://streetviewpixels-pa.googleapis.com/v1/thumbnail?panoid=W5CfRIijggDpUopO30yHTg\u0026cb_client=maps_sv.tactile.gps\u0026w=224\u0026h=298\u0026yaw=96.566216\u0026pitch=0\u0026thumbfov=100""}]",,,"{""link"":"""",""source"":""""}","{""id"":""115838991620983214508"",""name"":""B-Fab Solutions Nigeria Limited (Owner)"",""link"":""https://www.google.com/maps/contrib/115838991620983214508""}","{""borough"":"""",""street"":""Federal Housing, Plot 129 J-K Close, beside Peace Village"",""city"":""Lugbe"",""postal_code"":""900107"",""state"":""Federal Capital Territory"",""country"":""NG""}",,,[],,,bfabsolutionsnigerialimited,07069316125
80f19c73-68df-4386-a572-55124a1f1c90,https://www.google.com/maps/place/Xpanyol+Logistics/data=!4m7!3m6!1s0x104e0b2b18bc6fd5:0x1fd9dc20e13408dd!8m2!3d9.0667574!4d7.4395437!16s%2Fg%2F11vm8l669c!19sChIJ1W-8GCsLThAR3Qg04SDc2R8?authuser=0&hl=en&g_ep=EgoyMDI2MDgyNC4wIJJjKgBIAVAD&rclk=1,Xpanyol Logistics,Logistics service,"Suite S3 second floor, Xpanyol Logistics, 155 And, Onitsha, Alibro Atrium Plaza, 32 A.E. Ekukinam St, Owerri Rd, Utako, Okigwe 900108, Federal Capital Territory",{},{},http://xpanyollogistics.com/,0811 123 3311,3C8Q+PR Abuja,0,0.0,"{""1"":0,""2"":0,""3"":0,""4"":0,""5"":0}",9.066757,7.439544,2295107518897326301,,,,https://streetviewpixels-pa.googleapis.com/v1/thumbnail?panoid=MapLaV9IXVeZ3zZow0qrPA&cb_client=search.gws-prod.gps&w=408&h=240&yaw=336.6274&pitch=0&thumbfov=100,Africa/Lagos,,0x104e0b2b18bc6fd5:0x1fd9dc20e13408dd,https://www.google.com/maps/@?api=1&map_action=pano&pano=MapLaV9IXVeZ3zZow0qrPA,ChIJ1W-8GCsLThAR3Qg04SDc2R8,"[{""title"":""All"",""image"":""https://streetviewpixels-pa.googleapis.com/v1/thumbnail?panoid=MapLaV9IXVeZ3zZow0qrPA\u0026cb_client=maps_sv.tactile.gps\u0026w=224\u0026h=298\u0026yaw=336.6274\u0026pitch=0\u0026thumbfov=100""},{""title"":""Street View \u0026 360°"",""image"":""https://streetviewpixels-pa.googleapis.com/v1/thumbnail?panoid=MapLaV9IXVeZ3zZow0qrPA\u0026cb_client=maps_sv.tactile.gps\u0026w=224\u0026h=298\u0026yaw=336.6274\u0026pitch=0\u0026thumbfov=100""}]",,,"{""link"":"""",""source"":""""}","{""id"":"""",""name"":""Xpanyol Logistics (Owner)"",""link"":""""}","{""borough"":""Utako"",""street"":""Suite S3 second floor, 155 And, Onitsha, Alibro Atrium Plaza, 32 A.E. Ekukinam St, Owerri Rd"",""city"":""Okigwe"",""postal_code"":"""",""state"":""Federal Capital Territory"",""country"":""NG""}",,,[],,info@xpanyollogistics.com,xpanyollogistics,08111233311
6da159b4-7c85-4869-af25-5c1d9621b8fa,https://www.google.com/maps/place/Tnt+Ias+International+Express/data=!4m7!3m6!1s0x104e0b58de31fd9b:0x8be7f76253ba464b!8m2!3d9.062511!4d7.471193!16s%2Fg%2F11rr7ggpfk!19sChIJm_0x3lgLThARS0a6U2L354s?authuser=0&hl=en&g_ep=EgoyMDI2MDgyMy4wIJJjKgBIAVAD&rclk=1,Tnt Ias International Express,Courier service,"Shop 4 Zone 3 Shopping Complex Zone 3 Wuse, Federal Capital Territory","{""Friday"":[""9 am–6 pm""],""Monday"":[""9 am–6 pm""],""Saturday"":[""Closed""],""Sunday"":[""Closed""],""Thursday"":[""9 am–6 pm""],""Tuesday"":[""9 am–6 pm""],""Wednesday"":[""9 am–6 pm""]}",{},,0805 300 7233,3F7C+2F Abuja,0,0.0,"{""1"":0,""2"":0,""3"":0,""4"":0,""5"":0}",9.062511,7.471193,10081298292575716939,,,,https://streetviewpixels-pa.googleapis.com/v1/thumbnail?panoid=l9HWNvEdUB_ZMOudSGWq_w&cb_client=search.gws-prod.gps&w=408&h=240&yaw=124.51824&pitch=0&thumbfov=100,Africa/Lagos,,0x104e0b58de31fd9b:0x8be7f76253ba464b,https://www.google.com/maps/@?api=1&map_action=pano&pano=l9HWNvEdUB_ZMOudSGWq_w,ChIJm_0x3lgLThARS0a6U2L354s,"[{""title"":""All"",""image"":""https://streetviewpixels-pa.googleapis.com/v1/thumbnail?panoid=l9HWNvEdUB_ZMOudSGWq_w\u0026cb_client=maps_sv.tactile.gps\u0026w=224\u0026h=298\u0026yaw=124.51824\u0026pitch=0\u0026thumbfov=100""},{""title"":""Street View \u0026 360°"",""image"":""https://streetviewpixels-pa.googleapis.com/v1/thumbnail?panoid=l9HWNvEdUB_ZMOudSGWq_w\u0026cb_client=maps_sv.tactile.gps\u0026w=224\u0026h=298\u0026yaw=124.51824\u0026pitch=0\u0026thumbfov=100""}]",,,"{""link"":"""",""source"":""""}","{""id"":"""",""name"":""Tnt Ias International Express (Owner)"",""link"":""""}","{""borough"":""Wuse"",""street"":""Shop 4 Zone 3 Shopping Complex Zone 3 Wuse"",""city"":""Abuja"",""postal_code"":"""",""state"":""Federal Capital Territory"",""country"":""NG""}",,,[],,,tntiasinternationalexpress,08053007233
6da159b4-7c85-4869-af25-5c1d9621b8fa,https://www.google.com/maps/place/Infrastructure+Delivery+International/data=!4m7!3m6!1s0x104e0ae694015555:0xf23f68aea8a836b7!8m2!3d9.0765966!4d7.4641472!16s%2Fg%2F11fn1jkvmq!19sChIJVVUBlOYKThARtzaoqK5oP_I?authuser=0&hl=en&g_ep=EgoyMDI2MDgyMy4wIJJjKgBIAVAD&rclk=1,Infrastructure Delivery International,Shipping service,"5 Kikuyu Close, Wuse, Abuja 904101, Federal Capital Territory",{},{},http://idi-ng.com/contact-us,0815 047 4442,3FG7+JM Abuja,0,0.0,"{""1"":0,""2"":0,""3"":0,""4"":0,""5"":0}",9.076597,7.464147,17455785780074526391,,,,https://streetviewpixels-pa.googleapis.com/v1/thumbnail?panoid=VKi5nvoRgS87B2XcjHV36A&cb_client=search.gws-prod.gps&w=408&h=240&yaw=85.63999&pitch=0&thumbfov=100,Africa/Lagos,,0x104e0ae694015555:0xf23f68aea8a836b7,https://www.google.com/maps/@?api=1&map_action=pano&pano=VKi5nvoRgS87B2XcjHV36A,ChIJVVUBlOYKThARtzaoqK5oP_I,"[{""title"":""All"",""image"":""https://streetviewpixels-pa.googleapis.com/v1/thumbnail?panoid=VKi5nvoRgS87B2XcjHV36A\u0026cb_client=maps_sv.tactile.gps\u0026w=224\u0026h=298\u0026yaw=85.63999\u0026pitch=0\u0026thumbfov=100""},{""title"":""Street View \u0026 360°"",""image"":""https://streetviewpixels-pa.googleapis.com/v1/thumbnail?panoid=VKi5nvoRgS87B2XcjHV36A\u0026cb_client=maps_sv.tactile.gps\u0026w=224\u0026h=298\u0026yaw=85.63999\u0026pitch=0\u0026thumbfov=100""}]",,,"{""link"":"""",""source"":""""}","{""id"":"""",""name"":""Infrastructure Delivery International (Owner)"",""link"":""""}","{""borough"":""Wuse"",""street"":""5 Kikuyu Close"",""city"":""Abuja"",""postal_code"":"""",""state"":""Federal Capital Territory"",""country"":""NG""}",,,[],,,infrastructuredeliveryinternational,08150474442
e7518a4b-34c7-42cf-9384-d0ed3ab91552,https://www.google.com/maps/place/Nwanyi+Okuzu/data=!4m7!3m6!1s0x104e0b0b1775309f:0x1a0a8a3eaebe5662!8m2!3d9.0622058!4d7.4683837!16s%2Fg%2F11sb5276sl!19sChIJnzB1FwsLThARYla-rj6KCho?authuser=0&hl=en&g_ep=EgoyMDI2MDgyNC4wIJJjKgBIAVAD&rclk=1,Nwanyi Okuzu,Fast food restaurant,"3F69+V9J Nwanyi Okuzu, Wuse, Abuja 904101, Federal Capital Territory",{},{},,0704 833 3073,,4,4.0,"{""1"":0,""2"":0,""3"":1,""4"":2,""5"":1}",9.062206,7.468384,1876464196577547874,,,,https://lh3.googleusercontent.com/gps-cs-s/AHRPTWnVjgC9S9zVvZD3StzIhR2acqW32lVOcm1PY8fdV5n53VK7DiolLdG33cXA04FPOmq-gjUJD8TU8WSKN6tyklIN3EB-XfhqgSlxh_Zc8BFFnesan2bYHCjNW4S0lYmQ3rE77lNY=w408-h306-k-no,Africa/Lagos,,0x104e0b0b1775309f:0x1a0a8a3eaebe5662,,ChIJnzB1FwsLThARYla-rj6KCho,"[{""title"":""All"",""image"":""https://lh3.googleusercontent.com/gps-cs-s/AHRPTWnVjgC9S9zVvZD3StzIhR2acqW32lVOcm1PY8fdV5n53VK7DiolLdG33cXA04FPOmq-gjUJD8TU8WSKN6tyklIN3EB-XfhqgSlxh_Zc8BFFnesan2bYHCjNW4S0lYmQ3rE77lNY=w397-h298-k-no""},{""title"":""Food \u0026 drink"",""image"":""https://lh3.googleusercontent.com/gps-cs-s/AHRPTWliIzBGusHm9sVPCfxJHOddcIO8apxgG-TZOww_8rLgJ6nRWZaRcp5EbCFdVI3HsuFipQ9VhPHYKJMvb3JMGd92_rLzRDz-o9QZ_WfxmNSNAHqxruRcsuuSVsOoqPhRMkkv-oIxWA=w224-h298-k-no""},{""title"":""Vibe"",""image"":""https://lh3.googleusercontent.com/gps-cs-s/AHRPTWkrcBmq7Zn4ClEYPzhmg5vVZiZ_SDiExz4t7DNetF5MtTH55irM6HIisagUFhGt_R-3FX4tKLu0Tn4_estmpu2nKEguPK5X0VhtArmefWb540y6S2DBLrkH9L1ygyYORwnqQj_zpQ=w224-h398-k-no""},{""title"":""Comfort food"",""image"":""https://lh3.googleusercontent.com/gps-cs-s/AHRPTWkDqGsbyXlj8l6N2UwHokcDeUcGoiPEwjwUqlnPXn3S6fZrWe8uPL_HicyBDOV-K02jTNBvW0zyT2qVHuQTrojZ42-KUoYsE-UxTAz9pKvXZsC0fsm5lvAt4KIfzdAyvDZY3PhaeA=w224-h298-k-no""}]",,,"{""link"":"""",""source"":""""}","{""id"":"""",""name"":""Nwanyi Okuzu (Owner)"",""link"":""""}","{""borough"":""Wuse"",""street"":""3F69+V9J"",""city"":""Abuja"",""postal_code"":""904101"",""state"":""Federal Capital Territory"",""country"":""NG""}",,"[{""id"":""service_options"",""name"":""Service options"",""options"":[{""name"":""Outdoor seating"",""enabled"":true},{""name"":""Delivery"",""enabled"":true},{""name"":""Takeaway"",""enabled"":true},{""name"":""Dine-in"",""enabled"":true}]},{""id"":""popular_for"",""name"":""Popular for"",""options"":[{""name"":""Lunch"",""enabled"":true},{""name"":""Dinner"",""enabled"":true},{""name"":""Solo dining"",""enabled"":true}]},{""id"":""accessibility"",""name"":""Accessibility"",""options"":[{""name"":""Wheelchair-accessible car park"",""enabled"":true},{""name"":""Wheelchair-accessible entrance"",""enabled"":true}]},{""id"":""offerings"",""name"":""Offerings"",""options"":[{""name"":""Quick bite"",""enabled"":true}]},{""id"":""dining_options"",""name"":""Dining options"",""options"":[{""name"":""Lunch"",""enabled"":true},{""name"":""Dinner"",""enabled"":true},{""name"":""Catering"",""enabled"":true},{""name"":""Seating"",""enabled"":true},{""name"":""Table service"",""enabled"":true}]},{""id"":""amenities"",""name"":""Amenities"",""options"":[{""name"":""Toilet"",""enabled"":true}]},{""id"":""atmosphere"",""name"":""Atmosphere"",""options"":[{""name"":""Casual"",""enabled"":true}]},{""id"":""crowd"",""name"":""Crowd"",""options"":[{""name"":""Groups"",""enabled"":true}]},{""id"":""payments"",""name"":""Payments"",""options"":[{""name"":""Credit cards"",""enabled"":true},{""name"":""Debit cards"",""enabled"":true},{""name"":""NFC mobile payments"",""enabled"":true}]},{""id"":""children"",""name"":""Children"",""options"":[{""name"":""Good for kids"",""enabled"":true}]},{""id"":""parking"",""name"":""Parking"",""options"":[{""name"":""Free of charge street parking"",""enabled"":true},{""name"":""Free parking lot"",""enabled"":true}]}]","[{""Name"":""ANTHONY NNAMDI"",""ProfilePicture"":""https://lh3.googleusercontent.com/a/ACg8ocItTbjZk_3bQhIMgu81hsYy6fQxTgqDmLUxysgW-O5d00U3bw=s120-c-rp-mo-br100"",""Rating"":5,""Description"":""Best Igbo local dish in ABJ"",""Images"":null,""When"":""a year ago"",""review_id"":""ChdDSUhNMG9nS0VJQ0FnSURfdU4tc2lnRRAB"",""source"":""Google"",""rating_scale"":5,""rating_float"":5,""author_url"":""https://www.google.com/maps/contrib/116761166183896980136/reviews?hl=en-GB"",""posted_at_unix_micros"":1737463932825093,""updated_at_unix_micros"":1737463932825093,""language"":""en"",""translated_lang"":"""",""text_original"":""Best Igbo local dish in ABJ"",""text_translated"":"""",""published_at"":""2025-01-21T12:52:12.825093Z""},{""Name"":""Chukwudi Chinedu"",""ProfilePicture"":""https://lh3.googleusercontent.com/a-/ALV-UjVI1_jbXrdG_lr1L7WoF_EL97pPzHDivvr7SNwqYE2AnUwh3l2c=s120-c-rp-mo-ba12-br100"",""Rating"":4,""Description"":""Place for Ofe-owerri meal... which is their alacarte signature dish."",""Images"":null,""When"":""Edited 3 years ago"",""review_id"":""ChdDSUhNMG9nS0VJQ0FnSUQteE9Tamh3RRAB"",""source"":""Google"",""rating_scale"":5,""rating_float"":4,""author_url"":""https://www.google.com/maps/contrib/102114255014372344329/reviews?hl=en-GB"",""posted_at_unix_micros"":1669035351317574,""updated_at_unix_micros"":1669263250571284,""language"":""en"",""translated_lang"":"""",""text_original"":""Place for Ofe-owerri meal... which is their alacarte signature dish."",""text_translated"":"""",""published_at"":""2022-11-21T12:55:51.317574Z""},{""Name"":""Okeowo Adebanji"",""ProfilePicture"":""https://lh3.googleusercontent.com/a/ACg8ocJhWOb7LnRt0PuMvq1r3-3Mnos7XBldoG6i-Rospog9uG4pWA=s120-c-rp-mo-ba12-br100"",""Rating"":4,""Description"":"""",""Images"":null,""When"":""3 years ago"",""review_id"":""ChZDSUhNMG9nS0VJQ0FnSUN4aTZETERBEAE"",""source"":""Google"",""rating_scale"":5,""rating_float"":4,""author_url"":""https://www.google.com/maps/contrib/108074890710723227839/reviews?hl=en-GB"",""posted_at_unix_micros"":1685048606811432,""updated_at_unix_micros"":1685048606811432,""language"":"""",""translated_lang"":"""",""text_original"":"""",""text_translated"":"""",""published_at"":""2023-05-25T21:03:26.811432Z""},{""Name"":""mic victor"",""ProfilePicture"":""https://lh3.googleusercontent.com/a-/ALV-UjWhFHdlaimMKGdPbNfUDlbYOphgLevv1rFh9Cy_PAMPmCwt5QxM=s120-c-rp-mo-br100"",""Rating"":3,""Description"":"""",""Images"":null,""When"":""3 years ago"",""review_id"":""ChZDSUhNMG9nS0VJQ0FnSUQtb3VmeVZREAE"",""source"":""Google"",""rating_scale"":5,""rating_float"":3,""author_url"":""https://www.google.com/maps/contrib/108196124043431793517/reviews?hl=en-GB"",""posted_at_unix_micros"":1669358884265380,""updated_at_unix_micros"":1669358884265380,""language"":"""",""translated_lang"":"""",""text_original"":"""",""text_translated"":"""",""published_at"":""2022-11-25T06:48:04.26538Z""}]",,,nwanyiokuzu,07048333073
