id,name,businessName,sector,subSector,industry,location,district,phone,email,website,source,score,enrichmentLevel,validationStatus,createdAt,slug,socialLinks,enriched,folder,stage,whatsapp,keyPeople_name,keyPeople_title,keyPeople_email,keyPeople_linkedin,keyPeople_phone,keyPeople_source,_sources
MG-768e7caf-053,Faxter,Faxter,logistics,,logistics / AI SaaS,"Jabi, Abuja",Jabi,+2349085287243,,,,,,,2026-06-17T10:00:00Z,faxter,"Facebook, LinkedIn",True,logistics/Faxter,discovered,,,,,,,,summary; registry
MG-768e7caf-056,General and Health Logistics Intl,General and Health Logistics Intl,logistics,,logistics,"Idu, Abuja",Idu,+2348033039280,,,,,,,2026-06-17T10:00:00Z,general-and-health-logistics-intl,"LinkedIn, Facebook",True,logistics/General and Health Logistics Intl,discovered,,,,,,,,summary; registry
MG-768e7caf-072,,Jld Logistics Services,,,logistics,"Kubwa, Abuja",,,,,,,,,,jld-logistics-services,None found,True,,,,,,,,,,summary
MG-768e7caf-075,,Khome Global Logistics,,,logistics,"Dutse, Abuja",,,,,,,,,,khome-global-logistics,"Facebook, LinkedIn",True,,,,,,,,,,summary
MG-768e7caf-084,Malez Movers and Logistics,Malez Movers and Logistics,logistics,,logistics / moving and relocation,"Gwarimpa, Abuja",Gwarimpa,+2348036996812,,,,,,,2026-06-17T10:00:00Z,malez-movers-and-logistics,WhatsApp,True,logistics/Malez Movers and Logistics,discovered,,,,,,,,summary; registry
MG-768e7caf-087,Messenger Nigeria,Messenger Nigeria,logistics,,logistics / last-mile delivery,Abuja,Abuja,+2348074949847,,,,,,,2026-06-17T10:00:00Z,messenger-nigeria,"LinkedIn, Twitter, Facebook",True,logistics/Messenger Nigeria,discovered,,,,,,,,summary; registry
MG-768e7caf-092,Nairaxi,Nairaxi,logistics,,logistics / transport technology,"Wuse, Abuja",Wuse,+2348053682130,,,,,,,2026-06-17T10:00:00Z,nairaxi,"LinkedIn, Twitter, Facebook, Instagram, YouTube",True,logistics/Nairaxi,discovered,,,,,,,,summary; registry
MG-768e7caf-115,,Red Star Express Abuja,,,logistics / courier and freight,"Wuse, Abuja",,,,,,,,,,red-star-express-abuja,"LinkedIn, Twitter, Facebook, Instagram",True,,,,,,,,,,summary
MG-768e7caf-127,SMWdrivers,SMWdrivers,logistics,,logistics / driver-platform,"Wuse, Abuja",Wuse,+2349071155555,,,,,,,2026-06-17T10:00:00Z,smwdrivers,Facebook,True,logistics/SMWdrivers,discovered,,,,,,,,summary; registry
MG-768e7caf-134,,SimmySally Haulage & Logistics,,,logistics / haulage,"Garki, Abuja",,,,,,,,,,simmysally-haulage-and-logistics,Facebook,True,,,,,,,,,,summary
MG-768e7caf-135,Simpres Logistics and Co Ltd,Simpres Logistics and Co Ltd,logistics,,logistics / car rental,"Jahi, Abuja",Jahi,+2348032559203,,,,,,,2026-06-17T10:00:00Z,simpres-logistics-and-co-ltd,"Twitter, Facebook, Instagram",True,logistics/Simpres Logistics and Co Ltd,discovered,,,,,,,,summary; registry
MG-768e7caf-065,Hanyi 360 Movers,Hanyi 360 Movers,Logistics,movers,logistics,"Jabi, Abuja",Jabi,+2348062464484,,,finelib.com,50,basic,valid,2026-06-18T18:20:24.879385,hanyi-360-movers,Not searched,True,,,YES,Name not publicly listed,Owner/Manager,,,,websearch,summary; folder
MG-768e7caf-069,Interstate Ambulance Services,Interstate Ambulance Services,logistics,ambulance,logistics,"Kubwa, Abuja",Kubwa,+2348034348268,,,businesslist,50,basic,valid,2026-06-17T10:00:00Z,interstate-ambulance-services,Not searched,True,logistics/Interstate Ambulance Services,discovered,YES,Emmanuel Osemeke,Listing Owner / MBDFM,,,08034348268,websearch,summary; registry; folder
MG-768e7caf-098,Ola Express,Ola Express,logistics,transport,logistics,"Garki, Abuja",Garki,+2348100323989,,,businesslist,50,basic,valid,2026-06-17T10:00:00Z,ola-express,Not searched,True,logistics/Ola Express,discovered,YES,Abejide Michael Olarewaju,Abuja Branch Manager,,linkedin.com/in/abejide-michael-91071ab6,,websearch,summary; registry; folder
MG-768e7caf-099,Ola Express (Alt),Ola Express (Alt),logistics,transport,logistics,"Garki, Abuja",Garki,+2347033528462,,,businesslist,50,basic,valid,2026-06-17T10:00:00Z,ola-express-alt,Not searched,True,logistics/Ola Express (Alt),discovered,YES,Abejide Michael Olarewaju,Abuja Branch Manager,,https://linkedin.com/in/abejide-michael-91071ab6,,websearch,summary; registry; folder
MG-768e7caf-112,Pro Packers & Movers,Pro Packers & Movers,Logistics,movers,logistics,"Wuse 2, Abuja",Wuse 2,+2349073896565,,,finelib.com,50,basic,valid,2026-06-18T18:20:24.879385,pro-packers-and-movers,Not searched,True,,,YES,Name not publicly listed,Owner/Manager,,,,websearch,summary; folder
MG-768e7caf-121,Rivers Transport Company Ltd,Rivers Transport Company Ltd,logistics,transport,logistics,"Nyanya, Abuja",Nyanya,+2348036603788,,,businesslist,50,basic,valid,2026-06-17T10:00:00Z,rivers-transport-company-ltd,Not searched,True,logistics/Rivers Transport Company Ltd,discovered,YES,Rivers State Government,Owner (State-owned),,,,websearch,summary; registry; folder
MG-768e7caf-125,Royal Mails Express,Royal Mails Express,Logistics,courier,logistics,"Wuse, Abuja",Wuse,+2348028256419,,,finelib.com,50,basic,valid,2026-06-18T18:20:24.879385,royal-mails-express,Not searched,True,,,YES,Name not publicly listed,Owner/Manager,,,,websearch,summary; folder
MG-768e7caf-136,Soldan Nigeria Limited,Soldan Nigeria Limited,logistics,logistics,logistics,"Bwari, Abuja",Bwari,+2347062043677,,,businesslist,50,basic,valid,2026-06-17T10:00:00Z,soldan-nigeria-limited,Not searched,True,logistics/Soldan Nigeria Limited,discovered,YES,Name not publicly listed,Owner/Managing Director,,,,websearch,summary; registry; folder
MG-768e7caf-152,The Movers,The Movers,logistics,moving,logistics,"Garki, Abuja",Garki,+2347034364029,,,businesslist,50,basic,valid,2026-06-17T10:00:00Z,the-movers,Not searched,True,logistics/The Movers,discovered,YES,Joshua Charles,Company Manager,,,,websearch,summary; registry; folder
MG-768e7caf-035,Crystal Wheels,Crystal Wheels,Logistics,transport,logistics,"Wuse, Abuja",Wuse,+2348084068078,crystalwheelss@gmail.com,,finelib.com,65,basic,valid,2026-06-18T18:20:24.879385,crystal-wheels,Not searched,True,,,YES,Yakub Adebayo,Chief Executive Officer,,https://linkedin.com/in/yakub-adebayo-4b1950327,+2348084068078,websearch,summary; folder
MG-768e7caf-048,Etienergy Services Limited,Etienergy Services Limited,Logistics,haulage,logistics,"Gwarinpa, Abuja",Gwarinpa,+2348039293154,etienergysl@yahoo.com,,finelib.com,65,basic,valid,2026-06-18T18:20:24.879385,etienergy-services-limited,Not searched,True,,,YES,Name not publicly listed,Managing Director,,,,websearch,summary; folder
MG-768e7caf-049,Extraextreme Ventures,Extraextreme Ventures,Logistics,movers,logistics,"Wuse, Abuja",Wuse,+2348120361465,extraextremeventures@gmail.com,,finelib.com,65,basic,valid,2026-06-18T18:20:24.879385,extraextreme-ventures,Not searched,True,,,YES,Oghogho Obaseki,Chief Executive Officer,,,,websearch,summary; folder
MG-768e7caf-078,Krischek Haulage Services,Krischek Haulage Services,Logistics,haulage,logistics,"Jabi, Abuja",Jabi,+2347054571401,krischekengineering@gmail.com,,finelib.com,65,basic,valid,2026-06-18T18:20:24.879385,krischek-haulage-services,Not searched,True,,,YES,Kris,Contact Person/Founder,,,,websearch,summary; folder
MG-768e7caf-081,Lea's RoadRunners,Lea's RoadRunners,Logistics,logistics,logistics,"Wuse, Abuja",Wuse,+2348149576700,leasplacee@gmail.com,,finelib.com,65,basic,valid,2026-06-18T18:20:24.879385,leas-roadrunners,Not searched,True,,,YES,Ebiyemi Alero Ogunniyi,Managing Director,,https://linkedin.com/in/ebiyemi-alero-ogunniyi-3551b662,,websearch,summary; folder
MG-768e7caf-088,Moove Haulage,Moove Haulage,Logistics,haulage,logistics,"Dei Dei, Abuja",Dei Dei,+2347062296926,blekko101@gmail.com,,finelib.com,65,basic,valid,2026-06-18T18:20:24.879385,moove-haulage,Not searched,True,,,YES,Name not publicly listed,Owner/Manager,,,,websearch,summary; folder
MG-768e7caf-143,Tarana Logistics and Procurement Ltd,Tarana Logistics and Procurement Ltd,Logistics,logistics,logistics,"Gaduwa, Abuja",Gaduwa,+2348056206426,tarana.enitan@gmail.com,,finelib.com,65,basic,valid,2026-06-18T18:20:24.879385,tarana-logistics-and-procurement-ltd,Not searched,True,,,YES,Name not publicly listed,Managing Director,,,,websearch,summary; folder
MG-768e7caf-144,Teekachi Nigeria Limited,Teekachi Nigeria Limited,logistics,haulage,logistics,"Maitama, Abuja",Maitama,+2348038490939,teekachinig@gmail.com,,businesslist,65,basic,valid,2026-06-17T10:00:00Z,teekachi-nigeria-limited,Not searched,True,logistics/Teekachi Nigeria Limited,discovered,YES,Name not publicly listed,Managing Director,,,,websearch,summary; registry; folder
MG-768e7caf-002,Abia Line Courier Services,Abia Line Courier Services,Logistics,courier,logistics,"Utako, Abuja",Utako,+2348037485226,,,finelib.com,50,basic,valid,2026-06-18T18:20:24.879385,abia-line-courier-services,Not searched,True,,,YES,Name not publicly listed,Owner/Manager,,,,websearch,summary; folder
MG-768e7caf-003,Abitex Express,Abitex Express,Logistics,courier,logistics,"Jabi, Abuja",Jabi,+2348031372727,,,finelib.com,50,basic,valid,2026-06-18T18:20:24.879385,abitex-express,Not searched,True,,,YES,Gabriel Olagbemi Abiodun,Director,,,,websearch,summary; folder
MG-768e7caf-036,D & P Relocation Services,D & P Relocation Services,Logistics,movers,logistics,"Gwarinpa, Abuja",Gwarinpa,+2348064652270,,,finelib.com,50,basic,valid,2026-06-18T18:20:24.879385,d-and-p-relocation-services,Not searched,True,,,YES,Name not publicly listed,Owner/Manager,,,,websearch,summary; folder
MG-768e7caf-043,Domestic and General Cargo Ltd,Domestic and General Cargo Ltd,Logistics,haulage,logistics,"Gwarinpa, Abuja",Gwarinpa,+2348033244969,,,finelib.com,50,basic,valid,2026-06-18T18:20:24.879385,domestic-and-general-cargo-ltd,Not searched,True,,,YES,Name not publicly listed,Managing Director,,,,websearch,summary; folder
LOG-002,ANCAPS Logistics,,logistics,,,,Karu,+2347030704162,,,,,,,2026-06-17T10:00:00Z,,,,logistics/ANCAPS Logistics,discovered,,,,,,,,registry
LOG-008,Callmycab Services,,logistics,,,,Durumi,+2347083382017,,,,,,,2026-06-17T10:00:00Z,,,,logistics/Callmycab Services,discovered,,,,,,,,registry
LOG-012,Travelwell Limited,,logistics,travel,,,Garki,+2348033142721,info@travelwell.com.ng,travelwell.com.ng,finelib.com,90,deep,valid,2026-06-17T10:00:00Z,,,,logistics/Travelwell Limited,discovered,YES,Victoria Ajala,Managing Director,,https://ng.linkedin.com/in/victoria-ajala-96b6142a,,websearch,registry; folder
LOG-016,Quartz Link Resources Ltd,,logistics,courier,,,Wuse,+2348036201133,info@quartzlinkresources.com,https://quartzlinkresources.com/,corporate.org.ng,90,deep,valid,2026-06-17T10:00:00Z,,,,logistics/Quartz Link Resources Ltd,discovered,NO,CEO / Managing Director,MD / CEO,,,+2348036201133,websearch,registry; folder; folder
LOG-023,Auto Best Trackers Nigeria,,logistics,gps-tracking,,,Kubwa,+2348093038718,,autobesttrackers.com.ng,businesslist,75,deep,valid,2026-06-17T10:00:00Z,,,,logistics/Auto Best Trackers Nigeria,discovered,YES,Saifullahi Adam Idris Tandama,Founder / CEO,,,,Facebook/websearch,registry; folder
LOG-025,Eaglenet Logistic Services Ltd,,logistics,,,,Airport Rd,+2348105570699,,,,,,,2026-06-17T10:00:00Z,,,,logistics/Eaglenet Logistic Services Ltd,discovered,,,,,,,,registry
LOG-027,Alele Movers,,logistics,,,,Galadima,+2348111107037,,,,,,,2026-06-17T10:00:00Z,,,,logistics/Alele Movers,discovered,,,,,,,,registry
peace-mass-transit-limited,Peace Mass Transit Limited,Peace Mass Transit Limited,Logistics,Courier/Freight/Logistics,Logistics,"Lokoja, North-Central Nigeria",,07007322362,,,SearXNG North-Central logistics,50,basic,pending,2026-06-30,,,,,,UNKNOWN,,,,,,,folder
cross-country-limited,Cross Country Limited,Cross Country Limited,Logistics,Courier/Freight/Logistics,Logistics,"Lafia, North-Central Nigeria",,08028447950,,,SearXNG North-Central logistics,50,basic,pending,2026-06-30,,,,,,NO,,,,,,,folder
ocenj-logistics,Ocenj Logistics,Ocenj Logistics,Logistics,Courier/Freight/Logistics,Logistics,"Abuja, Nigeria",,+2347066752649,,,websearch Abuja logistics,50,basic,pending,2026-06-29,,,,,,NO,,,,,,,folder
bykemessengers,BykeMessengers,BykeMessengers,Logistics,Courier/Freight/Logistics,Logistics,"Owerri, Southeast Nigeria",,08039886701,,,SearXNG Southeast logistics,50,basic,pending,2026-06-30,,,,,,YES,,,,,,,folder
aguxpress-logistics,AguXpress Logistics,AguXpress Logistics,Logistics,Courier/Freight/Logistics,Logistics,"Awka, Southeast Nigeria",,07087673400,,https://www.aguxpress.com,SearXNG Southeast logistics,50,basic,pending,2026-06-30,,,,,,YES,,,,,,,folder
prowise-logistics,Prowise Logistics,Prowise Logistics,Logistics,Courier/Transport/Logistics,Logistics,"Abeokuta, Southwest Nigeria",,+2348149496307,,,websearch Southwest logistics,50,basic,pending,2026-06-29,,,,,,NO,,,,,,,folder
keen-rides,KEEN Rides,KEEN Rides,Logistics,Courier/Freight/Logistics,Logistics,"Ado Ekiti, Southwest Nigeria",,08036284402,,,SearXNG Southwest logistics,50,basic,pending,2026-06-30,,,,,,UNKNOWN,,,,,,,folder
anthil-crest-limited,Anthil Crest Limited,Anthil Crest Limited,Logistics,Courier/Freight/Logistics,Logistics,"Abuja, Nigeria",,+2348039645368,,,websearch Abuja logistics,50,basic,pending,2026-06-29,,,,,,NO,,,,,,,folder
chisco-brothers-international,Chisco Brothers International,Chisco Brothers International,Logistics,Courier/Freight/Logistics,Logistics,"Abuja, Nigeria",,+2347088782104,,,websearch Abuja logistics,50,basic,pending,2026-06-29,,,,,,YES,,,,,,,folder
derron-shipping-logistics,Derron Shipping and Logistics Ltd,Derron Shipping and Logistics Ltd,Logistics,maritime,Logistics,"Lagos, Nigeria",,+2348032269251,dsl@derronshipping.com,https://derronshipping.com,SearXNG specialized logistics,50,basic,pending,2026-06-30,,,,,,NO,,,,,,,folder
kos-deliveries,Kos Deliveries,Kos Deliveries,Logistics,Courier/Transport/Logistics,Logistics,"Akure, Southwest Nigeria",,+2348183460555,,,websearch Southwest logistics,50,basic,pending,2026-06-29,,,,,,NO,,,,,,,folder
tranex-courier-onitsha,TRANEX Courier Onitsha,TRANEX Courier (Trans-Nationwide Express Plc),Logistics,Courier/Freight/Logistics,Logistics,"Onitsha, Southeast Nigeria",,08123682573,,,SearXNG Southeast logistics,50,basic,pending,2026-06-30,,,,,,NO,,,,,,,folder
first-move-logistics,First Move Logistics,First Move Logistics,Logistics,Freight/Logistics,Logistics,"Port Harcourt, South-South Nigeria",,+2348085273309,,,websearch South-South logistics,50,basic,pending,2026-06-29,,,,,,YES,,,,,,,folder
mugathman-motors-logistics-ltd,Mugathman Motors & Logistics Ltd,Mugathman Motors & Logistics Ltd,Logistics,Logistics/Haulage,Logistics,"Kano, Northern Nigeria",,+2348033395299,,mugathmanmotors.com,websearch Northern logistics,50,basic,pending,2026-06-29,,,,,,YES,,,,,,,folder
qwirck-logistics-ltd,Qwirck Logistics Ltd,Qwirck Logistics Ltd,Logistics,Courier/Freight/Logistics,Logistics,"Akure, Southwest Nigeria",,08072971066,,,SearXNG Southwest logistics,50,basic,pending,2026-06-30,,,,,,UNKNOWN,,,,,,,folder
ascent-transport-management,Ascent Transport Management,Ascent Transport Management,Logistics,Courier/Freight/Logistics,Logistics,"Enugu, Southeast Nigeria",,09033933118,,,SearXNG Southeast logistics,50,basic,pending,2026-06-30,,,,,,NO,,,,,,,folder
courierplus-services,CourierPlus Services,CourierPlus Services,Logistics,Courier/Transport/Logistics,Logistics,"Ibadan, Southwest Nigeria",,+2349038868669,,,websearch Southwest logistics,50,basic,pending,2026-06-29,,,,,,NO,,,,,,,folder
nahco-logistics-services-limited,Nahco Logistics Services Limited,Nahco Logistics Services Limited,Logistics,Freight Forwarding/Customs Clearing,Logistics,"Lagos, Nigeria",,+2349099209056,info@nahcologistics.com,https://nahcologistics.com,websearch Lagos logistics,50,basic,pending,2026-06-29,,,,,,NO,,,,,,,folder
speedpro-logistics,SpeedPro Logistics,SpeedPro Logistics,Logistics,Courier/Freight/Logistics,Logistics,"Oyo Town, Southwest Nigeria",,07075341836,,https://speedprologistics.com,SearXNG Southwest logistics,50,basic,pending,2026-06-30,,,,,,UNKNOWN,,,,,,,folder
harmony-transport-services-ltd,Harmony Transport Services Ltd,Harmony Transport Services Ltd,Logistics,Courier/Transport/Logistics,Logistics,"Ilorin, Southwest Nigeria",,+2348140685304,,,websearch Southwest logistics,50,basic,pending,2026-06-29,,,,,,NO,,,,,,,folder
peculiar-golden-heritage-intl,Peculiar Golden Heritage Intl,Peculiar Golden Heritage Intl,Logistics,Courier/Freight/Logistics,Logistics,"Ifo, Southwest Nigeria",,08023425018,,,SearXNG Southwest logistics,50,basic,pending,2026-06-30,,,,,,UNKNOWN,,,,,,,folder
advance-logistics-services,Advance Logistics Services Ltd,Advance Logistics Services Ltd,Logistics,freight,Logistics,"Lagos, Nigeria",,+2348078929900,info@advancelogisticservices.com,https://advancelogisticservices.com,SearXNG specialized logistics,50,basic,pending,2026-06-30,,,,,,YES,,,,,,,folder
mfc-international-agencies-ltd,MFC International Agencies Ltd,MFC International Agencies Ltd,Logistics,Clearing & Forwarding,Logistics,"Calabar, South-South Nigeria",,+2348037195423,,,websearch South-South logistics,50,basic,pending,2026-06-29,,,,,,YES,,,,,,,folder
dhl-abakaliki,DHL Abakaliki,DHL International,Logistics,Courier/Freight/Logistics,Logistics,"Abakaliki, Southeast Nigeria",,07064771413,,https://www.dhl.com,SearXNG Southeast logistics,50,basic,pending,2026-06-30,,,,,,NO,,,,,,,folder
red-star-express-fedex-onitsha,Red Star Express Fedex Onitsha,Red Star Express Fedex Plc,Logistics,Courier/Freight/Logistics,Logistics,"Onitsha, Southeast Nigeria",,09062071819,,https://redstarplc.com,SearXNG Southeast logistics,50,basic,pending,2026-06-30,,,,,,UNKNOWN,,,,,,,folder
kay-unique-nigeria,Kay Unique Nigeria Ltd,Kay Unique Nigeria Ltd,Logistics,customs clearing,Logistics,"Lagos, Nigeria",,+2348023500207,kayuniq@gmail.com,https://kayuniquenigerialtd.com.ng,SearXNG specialized logistics,50,basic,pending,2026-06-30,,,,,,UNKNOWN,,,,,,,folder
speedaf-logistics,Speedaf Logistics,Speedaf Logistics,Logistics,Freight/Logistics,Logistics,"Port Harcourt, South-South Nigeria",,+2348000707070,,http://www.speedaf.com/,websearch South-South logistics,50,basic,pending,2026-06-29,,,,,,NO,,,,,,,folder
abc-cargo-express-onitsha,ABC Cargo Express Onitsha,ABC Cargo Express,Logistics,Courier/Freight/Logistics,Logistics,"Onitsha, Southeast Nigeria",,08142552426,,,SearXNG Southeast logistics,50,basic,pending,2026-06-30,,,,,,NO,,,,,,,folder
dhl-office-ilesa,DHL Office Ilesa,DHL Office Ilesa,Logistics,Courier/Freight/Logistics,Logistics,"Ilesa, Southwest Nigeria",,08033529218,,https://www.dhl.com,SearXNG Southwest logistics,50,basic,pending,2026-06-30,,,,,,YES,,,,,,,folder
tim-tali-transport,Tim Tali Transport,Tim Tali Transport,Logistics,Courier/Freight/Logistics,Logistics,"Jos, North-Central Nigeria",,08082726332,,,SearXNG North-Central logistics,50,basic,pending,2026-06-30,,,,,,UNKNOWN,,,,,,,folder
errande-ltd,Errande Ltd,Errande Ltd,Logistics,Logistics,Logistics,"Kaduna, Northern Nigeria",,07028163741,,,websearch Northern logistics,50,basic,pending,2026-06-29,,,,,,NO,,,,,,,folder
gatec-technical-and-logistic-services,Gatec Technical and Logistic Services,Gatec Technical and Logistic Services,Logistics,Courier/Freight/Logistics,Logistics,"Agbara, Southwest Nigeria",,08068442058,,,SearXNG Southwest logistics,50,basic,pending,2026-06-30,,,,,,NO,,,,,,,folder
steve-imafidon-and-sons-limited,Steve Imafidon And Sons Limited,Steve Imafidon And Sons Limited,Logistics,Freight/Logistics,Logistics,"Benin City, South-South Nigeria",,+2348053198000,,,websearch South-South logistics,50,basic,pending,2026-06-29,,,,,,YES,,,,,,,folder
trans-nationwide-express-plc,Trans Nationwide Express Plc,Trans Nationwide Express Plc,Logistics,Courier/Freight/Logistics,Logistics,"Abuja, Nigeria",,+2348025697917,,,websearch Abuja logistics,50,basic,pending,2026-06-29,,,,,,NO,,,,,,,folder
blue-link-logistics-ltd,Blue Link Logistics Ltd,Blue Link Logistics Ltd,Logistics,Logistics,Logistics,"Kaduna, Northern Nigeria",,08036382617,,,websearch Northern logistics,50,basic,pending,2026-06-29,,,,,,YES,,,,,,,folder
ifex-express-limited,Ifex Express Limited,Ifex Express Limited,Logistics,Courier/Freight/Logistics,Logistics,"Abuja, Nigeria",,+2348070591802,,,websearch Abuja logistics,50,basic,pending,2026-06-29,,,,,,NO,,,,,,,folder
eclipse-delivery-services,Eclipse Delivery Services,Eclipse Delivery Services,Logistics,Courier/Transport/Logistics,Logistics,"Ibadan, Southwest Nigeria",,+2348187154281,,,websearch Southwest logistics,50,basic,pending,2026-06-29,,,,,,YES,,,,,,,folder
mds-logistics-limited,MDS Logistics Limited,MDS Logistics Limited,Logistics,Courier/Freight/Logistics,Logistics,"Ilorin, Southwest Nigeria",,08159890198,,,SearXNG Southwest logistics,50,basic,pending,2026-06-30,,,,,,UNKNOWN,,,,,,,folder; folder
sunny-ebi-multi-systems-limited,Sunny-Ebi Multi Systems Limited,Sunny-Ebi Multi Systems Limited,Logistics,Oil & Gas Logistics,Logistics,"Warri, South-South Nigeria",,+2348064403149,,http://www.sunny-ebimultisystemsltd.com/,websearch South-South logistics,50,basic,pending,2026-06-29,,,,,,YES,,,,,,,folder
young-shall-grow-motors,Young Shall Grow Motors,Young Shall Grow Motors,Logistics,Courier/Freight/Logistics,Logistics,"Jos, North-Central Nigeria",,08065587947,,,SearXNG North-Central logistics,50,basic,pending,2026-06-30,,,,,,UNKNOWN,,,,,,,folder
o3-transport-services,O3 Transport Services,O3 Transport Services,Logistics,Courier/Freight/Logistics,Logistics,"Abeokuta, Southwest Nigeria",,08136413558,,,SearXNG Southwest logistics,50,basic,pending,2026-06-30,,,,,,UNKNOWN,,,,,,,folder
med-co,Med Co.,Med Co.,Logistics,Logistics,Logistics,"Kano, Northern Nigeria",,07036133681,,,websearch Northern logistics,50,basic,pending,2026-06-29,,,,,,YES,,,,,,,folder
ocean-port-marine-logistics,Ocean and Port Marine Logistics Ltd,Ocean and Port Marine Logistics Ltd,Logistics,maritime,Logistics,"Lagos, Nigeria",,+2348033254977,,,SearXNG specialized logistics,50,basic,pending,2026-06-30,,,,,,UNKNOWN,,,,,,,folder
halcyon-cavic-nigeria-limited,Halcyon Cavic Nigeria Limited,Halcyon Cavic Nigeria Limited,Logistics,Oil & Gas Logistics,Logistics,"Warri, South-South Nigeria",,+2349093020415,,www.halcyoncavic.com,websearch South-South logistics,50,basic,pending,2026-06-29,,,,,,NO,,,,,,,folder
bm-global-import-export,BM Global Import and Export Co Ltd,BM Global Import and Export Co Ltd,Logistics,customs clearing,Logistics,"Lagos, Nigeria",,+2348130010080,contacts@bmglobal.ng,https://bmglobal.ng,SearXNG specialized logistics,50,basic,pending,2026-06-30,,,,,,YES,,,,,,,folder
shoreline-logistics-nigeria-ltd,Shoreline Logistics Nigeria Ltd,Shoreline Logistics Nigeria Ltd,Logistics,Port/Marine Logistics,Logistics,"Calabar, South-South Nigeria",,+2348080261713,,,websearch South-South logistics,50,basic,pending,2026-06-29,,,,,,YES,,,,,,,folder
the-lords-express-limited,The Lords Express Limited,The Lords Express Limited,Logistics,Courier/Freight/Logistics,Logistics,"Enugu, Southeast Nigeria",,09099154832,,,SearXNG Southeast logistics,50,basic,pending,2026-06-30,,,,,,UNKNOWN,,,,,,,folder
gac-nigeria,GAC Nigeria,GAC Nigeria,Logistics,maritime,Logistics,"Lagos, Nigeria",,+2348054090033,,https://gac.com/nigeria,SearXNG specialized logistics,50,basic,pending,2026-06-30,,,,,,YES,,,,,,,folder
MG-768e7caf-165,Valgee Transport Services,,Logistics,transport,,,Wuse 2,+2349068652712,hi@valgee.com,valgee.com,finelib.com,90,deep,valid,2026-06-18T18:20:24.879385,,,,,,YES,Samuel Jok Gwott,Proprietor,,,,websearch,folder
lagos-logistics-limited,Lagos Logistics Limited,Lagos Logistics Limited,Logistics,Logistics Services,Logistics,"Lagos, Nigeria",,+2348137632121,,,websearch Lagos logistics,50,basic,pending,2026-06-29,,,,,,YES,,,,,,,folder
tradeways-express-courier,Tradeways Express Courier,Tradeways Express - Courier Services,Logistics,Courier/Freight/Logistics,Logistics,"Owerri, Southeast Nigeria",,08039470559,,,SearXNG Southeast logistics,50,basic,pending,2026-06-30,,,,,,UNKNOWN,,,,,,,folder
universal-amity-emporium-ltd,Universal Amity Emporium Ltd,Universal Amity Emporium Ltd,Logistics,Courier/Transport/Logistics,Logistics,"Ilorin, Southwest Nigeria",,+2348108385747,,,websearch Southwest logistics,50,basic,pending,2026-06-29,,,,,,NO,,,,,,,folder
chibyke-global-shipping-service,Chibyke Global Shipping Service,Chibyke Global Shipping Service,Logistics,Shipping/Freight,Logistics,"Onitsha, South-South Nigeria",,+2348037098314,,,websearch South-South logistics,50,basic,pending,2026-06-29,,,,,,NO,,,,,,,folder
macdon-express-courier-services,MacDon Express Courier Services,MacDon Express Courier Services,Logistics,Courier/Freight/Logistics,Logistics,"Enugu, Southeast Nigeria",,08073270229,,,SearXNG Southeast logistics,50,basic,pending,2026-06-30,,,,,,UNKNOWN,,,,,,,folder
hammsville-logistics-ltd,Hammsville Logistics Ltd,Hammsville Logistics Ltd,Logistics,Courier/Transport/Logistics,Logistics,"Ibadan, Southwest Nigeria",,+2347052345167,,,websearch Southwest logistics,50,basic,pending,2026-06-29,,,,,,YES,,,,,,,folder
southern-connect-limited,Southern Connect Limited,Southern Connect Limited,Logistics,Courier/Transport/Logistics,Logistics,"Akure, Southwest Nigeria",,+2347044440187,,,websearch Southwest logistics,50,basic,pending,2026-06-29,,,,,,YES,,,,,,,folder
abc-transport,ABC Transport,ABC Transport,Logistics,Courier/Freight/Logistics,Logistics,"Abuja, Nigeria",,+2348142552437,,,websearch Abuja logistics,50,basic,pending,2026-06-29,,,,,,NO,,,,,,,folder
whole-deliveries,Whole Deliveries,Whole Deliveries,Logistics,Courier/Freight/Logistics,Logistics,"Abuja, Nigeria",,+2349061844629,,,websearch Abuja logistics,50,basic,pending,2026-06-29,,,,,,NO,,,,,,,folder
abc-transport-shuttle-services,ABC Transport Shuttle Services,ABC Transport Shuttle Services,Logistics,Transport/Logistics,Logistics,"Kaduna, Northern Nigeria",,08034910292,,,websearch Northern logistics,50,basic,pending,2026-06-29,,,,,,YES,,,,,,,folder
wolid-international-services,Wolid International Services Ltd,Wolid International Services Ltd,Logistics,freight,Logistics,"Lagos, Nigeria",,+2347044064866,wolid_idowushipping@yahoo.com,https://wolidinternationalltd.net,SearXNG specialized logistics,50,basic,pending,2026-06-30,,,,,,UNKNOWN,,,,,,,folder
ekesons-parcel-services-limited,Ekesons Parcel Services Limited,Ekesons Parcel Services Limited,Logistics,Courier/Freight/Logistics,Logistics,"Abuja, Nigeria",,+2348127912995,,,websearch Abuja logistics,50,basic,pending,2026-06-29,,,,,,NO,,,,,,,folder
nuelhe-multi-resource,Nuelhe Multi-Resource Solutions Ltd,Nuelhe Multi-Resource Solutions Ltd,Logistics,customs clearing,Logistics,"Lagos, Nigeria",,+2349066044298,contact@nuelhe-mrsl.com,https://nuelhe-mrsl.com,SearXNG specialized logistics,50,basic,pending,2026-06-30,,,,,,UNKNOWN,,,,,,,folder
reliance-freight-services,Reliance Freight Services,Reliance Freight Services,Logistics,Courier/Freight/Logistics,Logistics,"Abuja, Nigeria",,+23493148401,,,websearch Abuja logistics,50,basic,pending,2026-06-29,,,,,,NO,,,,,,,folder
dan-dollars-group-limited,Dan Dollars Group Limited,Dan Dollars Group Limited,Logistics,Courier/Freight/Logistics,Logistics,"Aba, Southeast Nigeria",,08036767569,,,SearXNG Southeast logistics,50,basic,pending,2026-06-30,,,,,,NO,,,,,,,folder
MG-768e7caf-171,Zenith Carex International,,Logistics,courier,,,Garki,+2347032114180,info@zenithcarex.com,zenithcarex.com,finelib.com,90,deep,valid,2026-06-18T18:20:24.879385,,,,,,YES,Dr. Adelana Olamilekan,Managing Director / CEO,info@zenithcarex.com,https://linkedin.com/in/adelana-olamilekan-4677601b,+2347032114180,website,folder; folder
happy-helpers,Happy Helpers,Happy Helpers,Logistics,Courier/Transport/Logistics,Logistics,"Abeokuta, Southwest Nigeria",,+2348064356821,,,websearch Southwest logistics,50,basic,pending,2026-06-29,,,,,,YES,,,,,,,folder
swish-nigeria,Swish Nigeria,Swish Nigeria,Logistics,Courier/Freight/Logistics,Logistics,"Abuja, Nigeria",,+2348068343602,,,websearch Abuja logistics,50,basic,pending,2026-06-29,,,,,,NO,,,,,,,folder
haul-affairs-logistics-nigeria-limited,Haul Affairs Logistics Nigeria Limited,Haul Affairs Logistics Nigeria Limited,Logistics,Freight Forwarding/Haulage,Logistics,"Lagos, Nigeria",,+2348062976558,info@haulaffairs.com,https://haulaffairs.com,websearch Lagos logistics,50,basic,pending,2026-06-29,,,,,,YES,,,,,,,folder
pellucid-prime-logistics,Pellucid Prime Logistics,Pellucid Prime,Logistics,Courier/Freight/Logistics,Logistics,"Owerri, Southeast Nigeria",,07062694448,,,SearXNG Southeast logistics,50,basic,pending,2026-06-30,,,,,,UNKNOWN,,,,,,,folder
nipost-totoro-branch,NIPOST Totoro Branch,NIPOST Totoro Branch,Logistics,Courier/Freight/Logistics,Logistics,"Abeokuta, Southwest Nigeria",,08079037402,,,SearXNG Southwest logistics,50,basic,pending,2026-06-30,,,,,,UNKNOWN,,,,,,,folder
MG-768e7caf-134,Asfranz Movers Ltd,,Logistics,logistics,,,Wuse 2,+2347064280114,asfranzmovers@gmail.com,https://asfranzmoversltd.com,finelib.com,90,deep,valid,2026-06-18T18:20:24.879385,,,,,,NO,,,,,,,folder; folder
MG-768e7caf-030,City Errands,,Logistics,courier,,,Lokogoma,+2347061111160,info@cityerrandsng.com,https://cityerrandsng.com/,corporate.org.ng,90,deep,valid,2026-06-18T18:20:24.879385,,,,,,YES,Owner / Founder,Founder / CEO,,,,websearch,folder
fortunecrest-services-limited,FortuneCrest Services Limited,FortuneCrest Services Limited,Logistics,cold chain,Logistics,"Port Harcourt, Nigeria",,+2349164792326,fortcrest@yahoo.com,https://fortunecrestng.com,SearXNG specialized logistics,50,basic,pending,2026-06-30,,,,,,YES,,,,,,,folder
ups-center-abuja,UPS Center Abuja,UPS Center Abuja,Logistics,Courier/Freight/Logistics,Logistics,"Abuja, Nigeria",,+2348157896287,,,websearch Abuja logistics,50,basic,pending,2026-06-29,,,,,,NO,,,,,,,folder
oloyede-and-sons-nigeria-enterprise,Oloyede and Sons Nigeria Enterprise,Oloyede and Sons Nigeria Enterprise,Logistics,Courier/Freight/Logistics,Logistics,"Abeokuta, Southwest Nigeria",,08066481626,,,SearXNG Southwest logistics,50,basic,pending,2026-06-30,,,,,,UNKNOWN,,,,,,,folder
cvi-logistics,CVI Logistics,CVI Logistics,Logistics,Courier/Freight/Logistics,Logistics,"Aba, Southeast Nigeria",,08104816445,,,SearXNG Southeast logistics,50,basic,pending,2026-06-30,,,,,,YES,,,,,,,folder
kj-cargo-and-logistics-services-ltd,KJ Cargo and Logistics Services Ltd,KJ Cargo and Logistics Services Ltd,Logistics,Cargo/Logistics,Logistics,"Lagos, Nigeria",,+2348133162212,,,websearch Lagos logistics,50,basic,pending,2026-06-29,,,,,,NO,,,,,,,folder
coastland-energy-logistics,Coastland Energy Logistics Limited,Coastland Energy Logistics Limited,Logistics,oil & gas,Logistics,"Lagos, Nigeria",,+23412916280,info@coastlandenergy.com,https://coastlandenergy.com,SearXNG specialized logistics,50,basic,pending,2026-06-30,,,,,,NO,,,,,,,folder
flux-logistix-and-self-storage,Flux Logistix & Self-Storage,Flux Logistix & Self-Storage,Logistics,Warehousing/3PL,Logistics,"Lagos, Nigeria",,+2349061985055,info@fluxselfstorage.com,https://fluxselfstorage.com,websearch Lagos logistics,50,basic,pending,2026-06-29,,,,,,YES,,,,,,,folder
MG-768e7caf-138,Fando Freight,,Logistics,logistics,,,Karu,+2347031658516,info@fandofreight.com,https://fandofreight.com,finelib.com,90,deep,valid,2026-06-18T18:20:24.879385,,,,,,NO,,,,,,,folder
interlog-group,International Logistics & Fulfillment Service Limited (Interlog Group),International Logistics & Fulfillment Service Limited,Logistics,3PL/Warehousing/Customs Clearance,Logistics,"Lagos, Nigeria",,+2348085853335,,https://interlog-ng.com,websearch Lagos logistics,50,basic,pending,2026-06-29,,,,,,YES,,,,,,,folder
MG-768e7caf-159,TraciFy,,Logistics,logistics,,,Wuse 2,+2349069074436,info@new.tracify.co,new.tracify.co,finelib.com,90,deep,valid,2026-06-18T18:20:24.879385,,,,,,YES,,,,,,,folder
kxpress-logistics,Kxpress Logistics,Kxpress Logistics,Logistics,Freight/Logistics,Logistics,"Calabar, South-South Nigeria",,+2348183460555,,,websearch South-South logistics,50,basic,pending,2026-06-29,,,,,,NO,,,,,,,folder
blu-sky-logistics,Blu Sky Logistics,Blu Sky Logistics,Logistics,Courier/Freight/Logistics,Logistics,"Ibadan, Southwest Nigeria",,08177194444,,,SearXNG Southwest logistics,50,basic,pending,2026-06-30,,,,,,NO,,,,,,,folder
MG-768e7caf-010,Auto-Best Trackers Nigeria 2,,Logistics,tracking,,,Lokogoma,+2348148202333,info@autobesttrackers.com.ng,https://autobesttrackers.com.ng/,corporate.org.ng,90,deep,valid,2026-06-18T18:20:24.879385,,,,,,NO,Saifullahi Adam Idris Tandama,Founder / CEO,,,+2348066804625,LinkedIn,folder
sprint-logistics,Sprint Logistics,Sprint Logistics,Logistics,Courier/Freight/Logistics,Logistics,"Ibadan, Southwest Nigeria",,07065430914,,,SearXNG Southwest logistics,50,basic,pending,2026-06-30,,,,,,UNKNOWN,,,,,,,folder
cargomark-investment,Cargomark Investment,Cargomark Investment,Logistics,Freight Forwarding,Logistics,"Kano, Northern Nigeria",,08033973316,,,websearch Northern logistics,50,basic,pending,2026-06-29,,,,,,YES,,,,,,,folder
motion-transport-limited,Motion Transport Limited,Motion Transport Limited,Logistics,Courier/Freight/Logistics,Logistics,"Enugu, Southeast Nigeria",,08091038676,,,SearXNG Southeast logistics,50,basic,pending,2026-06-30,,,,,,UNKNOWN,,,,,,,folder
buchdella-logistics-ltd,Buchdella Logistics LTD,Buchdella Logistics LTD,Logistics,Freight/Logistics,Logistics,"Port Harcourt, South-South Nigeria",,+2349098334188,,,websearch South-South logistics,50,basic,pending,2026-06-29,,,,,,NO,,,,,,,folder
kccl-kennie-o-cold-chain,Kennie-O Cold Chain Logistics (KCCL),Kennie-O Cold Chain Logistics (KCCL),Logistics,cold chain,Logistics,"Ilorin, Nigeria",,+2348034066920,info@kccl.com.ng,https://kccl.com.ng,SearXNG specialized logistics,50,basic,pending,2026-06-30,,,,,,+2348034066920,,,,,,,folder
chase-express-ilorin,Chase Express Ilorin,Chase Express Ilorin,Logistics,Courier/Freight/Logistics,Logistics,"Ilorin, Southwest Nigeria",,07064726287,,https://www.finelib.com/listing/Chase-Express/9679/,SearXNG Southwest logistics,50,basic,pending,2026-06-30,,,,,,NO,,,,,,,folder
bamidan-group,Bamidan Group,Bamidan Group,Logistics,Logistics,Logistics,"Kano, Northern Nigeria",,+2349082998479,,,websearch Northern logistics,50,basic,pending,2026-06-29,,,,,,NO,,,,,,,folder
gig-logistics-abakaliki,GIG Logistics Abakaliki,GIG Logistics,Logistics,Courier/Freight/Logistics,Logistics,"Abakaliki, Southeast Nigeria",,08139851120,,https://giglogistics.com,SearXNG Southeast logistics,50,basic,pending,2026-06-30,,,,,,NO,,,,,,,folder
globe-cab-services-limited,Globe Cab Services Limited,Globe Cab Services Limited,Logistics,Courier/Freight/Logistics,Logistics,"Abuja, Nigeria",,+2349087694000,,,websearch Abuja logistics,50,basic,pending,2026-06-29,,,,,,NO,,,,,,,folder
fut-transport-services,Fut Transport Services,Fut Transport Services,Logistics,Courier/Freight/Logistics,Logistics,"Minna, North-Central Nigeria",,08056833383,,,SearXNG North-Central logistics,50,basic,pending,2026-06-30,,,,,,NO,,,,,,,folder
sea-africa-group,Sea Africa Group,Sea Africa Group,Logistics,Logistics/Freight,Logistics,"Kano, Northern Nigeria",,07014149131,,,websearch Northern logistics,50,basic,pending,2026-06-29,,,,,,YES,,,,,,,folder
zodiak-freight-services-limited,Zodiak Freight Services Limited,Zodiak Freight Services Limited,Logistics,Freight Forwarding,Logistics,"Kano, Northern Nigeria",,+2348084848037,,,websearch Northern logistics,50,basic,pending,2026-06-29,,,,,,NO,,,,,,,folder
bestway-transport-ltd,Bestway Transport Ltd,Bestway Transport Ltd,Logistics,Transport/Logistics,Logistics,"Kano, Northern Nigeria",,+2347038587085,,,websearch Northern logistics,50,basic,pending,2026-06-29,,,,,,YES,,,,,,,folder
efk-world-logistics,EFK World Logistics,EFK World Logistics,Logistics,Freight & Logistics,Logistics,"Lagos, Nigeria",,+2348137161094,,,websearch Lagos logistics,50,basic,pending,2026-06-29,,,,,,YES,,,,,,,folder
lyks-logistics-and-express-delivery,LYKS Logistics and Express Delivery,LYKS Logistics and Express Delivery,Logistics,Courier/Freight/Logistics,Logistics,"Osogbo, Southwest Nigeria",,07032300354,,,SearXNG Southwest logistics,50,basic,pending,2026-06-30,,,,,,UNKNOWN,,,,,,,folder
ekenedilichukwu-express-ltd,Ekenedilichukwu Express Ltd,Ekenedilichukwu Express Ltd,Logistics,Freight/Logistics,Logistics,"Onitsha, South-South Nigeria",,+2347045559105,,,websearch South-South logistics,50,basic,pending,2026-06-29,,,,,,NO,,,,,,,folder
zido-logistics,Zido Logistics,Zido Logistics,Logistics,Freight & Cargo,Logistics,"Lagos, Nigeria",,+2348120908360,,,websearch Lagos logistics,50,basic,pending,2026-06-29,,,,,,NO,,,,,,,folder
fastlane-express-international-limited,Fastlane Express International Limited,Fastlane Express International Limited,Logistics,Courier/Freight/Logistics,Logistics,"Abuja, Nigeria",,+2348110175501,,,websearch Abuja logistics,50,basic,pending,2026-06-29,,,,,,NO,,,,,,,folder
adamu-transport-services,Adamu Transport Services,Adamu Transport Services,Logistics,Courier/Freight/Logistics,Logistics,"Minna, North-Central Nigeria",,08036368468,,,SearXNG North-Central logistics,50,basic,pending,2026-06-30,,,,,,YES,,,,,,,folder
autostar-executive-enugu,Autostar Executive Enugu,Autostar Executive Limited,Logistics,Courier/Freight/Logistics,Logistics,"Enugu, Southeast Nigeria",,07034511401,,,SearXNG Southeast logistics,50,basic,pending,2026-06-30,,,,,,YES,,,,,,,folder
trip-value-global-communication,Trip Value Global Communication,Trip Value Global Communication,Logistics,Courier/Freight/Logistics,Logistics,"Osogbo, Southwest Nigeria",,07066248683,,,SearXNG Southwest logistics,50,basic,pending,2026-06-30,,,,,,UNKNOWN,,,,,,,folder
crisp-international-limited,Crisp International Limited,Crisp International Limited,Logistics,Logistics,Logistics,"Kaduna, Northern Nigeria",,062-232357,,,websearch Northern logistics,50,basic,pending,2026-06-29,,,,,,NO,,,,,,,folder
young-riders-transport-services,Young Riders Transport Services,Young Riders Transport Services,Logistics,Courier/Freight/Logistics,Logistics,"Jos, North-Central Nigeria",,08069620900,,,SearXNG North-Central logistics,50,basic,pending,2026-06-30,,,,,,UNKNOWN,,,,,,,folder
eja-ice-ltd,Eja-Ice Ltd,Eja-Ice Ltd,Logistics,cold chain,Logistics,"Abuja, Nigeria",,+2348060327746,sales@ejaice.com,https://ejaice.com,SearXNG specialized logistics,50,basic,pending,2026-06-30,,,,,,YES,,,,,,,folder
soyo-line-transportation,Soyo Line Transportation,Soyo Line Transportation,Logistics,Courier/Freight/Logistics,Logistics,"Ado Ekiti, Southwest Nigeria",,08034791235,,,SearXNG Southwest logistics,50,basic,pending,2026-06-30,,,,,,UNKNOWN,,,,,,,folder
burcont-shipping-nigeria-limited,Burcont Shipping Nigeria Limited,Burcont Shipping Nigeria Limited,Logistics,Freight Forwarding/Project Logistics,Logistics,"Lagos, Nigeria",,+2347078381773,burconts@gmail.com,https://burcont.com,websearch Lagos logistics,50,basic,pending,2026-06-29,,,,,,YES,,,,,,,folder
servago-international,Servago International Limited,Servago International Limited,Logistics,maritime,Logistics,"Lagos, Nigeria",,+2348033613557,info@servagointl.com,https://servagointl.com,SearXNG specialized logistics,50,basic,pending,2026-06-30,,,,,,UNKNOWN,,,,,,,folder
ibadan-logistics,Ibadan Logistics,Ibadan Logistics,Logistics,Courier/Transport/Logistics,Logistics,"Ibadan, Southwest Nigeria",,+2348088200793,,http://www.ibadanlogistics.com,websearch Southwest logistics,50,basic,pending,2026-06-29,,,,,,YES,,,,,,,folder
raylab-global-resources-limited,Raylab Global Resources Limited,Raylab Global Resources Limited,Logistics,Courier/Transport/Logistics,Logistics,"Ibadan, Southwest Nigeria",,+2349078209952,,,websearch Southwest logistics,50,basic,pending,2026-06-29,,,,,,YES,,,,,,,folder
ois-medical-courier-services,OIS Medical Courier Services,OIS Medical Courier Services,Logistics,Courier/Freight/Logistics,Logistics,"Abuja, Nigeria",,+2348172887772,,,websearch Abuja logistics,50,basic,pending,2026-06-29,,,,,,NO,,,,,,,folder
plateau-express-services,Plateau Express Services,Plateau Express Services,Logistics,Transport/Courier,Logistics,"Jos, Northern Nigeria",,+2347035447337,,,websearch Northern logistics,50,basic,pending,2026-06-29,,,,,,NO,,,,,,,folder
logistics-pro,Logistics Pro,Logistics Pro,Logistics,Freight/Logistics,Logistics,"Uyo, South-South Nigeria",,+2348038701288,,,websearch South-South logistics,50,basic,pending,2026-06-29,,,,,,YES,,,,,,,folder
st-george-travel-and-logistics,St.George Travel and Logistics,St.George Travel and Logistics,Logistics,Courier/Transport/Logistics,Logistics,"Ibadan, Southwest Nigeria",,+2348166713448,,,websearch Southwest logistics,50,basic,pending,2026-06-29,,,,,,NO,,,,,,,folder
valuehandlers-international-limited,Valuehandlers International Limited,Valuehandlers International Limited,Logistics,Courier/Transport/Logistics,Logistics,"Ibadan, Southwest Nigeria",,+2349032054291,,,websearch Southwest logistics,50,basic,pending,2026-06-29,,,,,,NO,,,,,,,folder
taytop-haulage-and-logistics-ltd,Taytop Haulage and Logistics Ltd,Taytop Haulage and Logistics Ltd,Logistics,Courier/Transport/Logistics,Logistics,"Ibadan, Southwest Nigeria",,+2348023821865,,,websearch Southwest logistics,50,basic,pending,2026-06-29,,,,,,YES,,,,,,,folder
international-express-logistics-services-limited,International Express Logistics Services Limited,International Express Logistics Services Limited,Logistics,Express Logistics,Logistics,"Lagos, Nigeria",,+2348026069111,,,websearch Lagos logistics,50,basic,pending,2026-06-29,,,,,,YES,,,,,,,folder
rideon-transport,Rideon Transport,Rideon Transport,Logistics,Courier/Freight/Logistics,Logistics,"Enugu, Southeast Nigeria",,08108651021,,,SearXNG Southeast logistics,50,basic,pending,2026-06-30,,,,,,UNKNOWN,,,,,,,folder
mhya-integrated-services-limited,Mhya Integrated Services Limited,Mhya Integrated Services Limited,Logistics,Courier/Freight/Logistics,Logistics,"Abuja, Nigeria",,+2349095742228,,,websearch Abuja logistics,50,basic,pending,2026-06-29,,,,,,NO,,,,,,,folder
redoxcorp-shipping-and-logistics-limited,Redoxcorp Shipping & Logistics Limited,Redoxcorp Shipping & Logistics Limited,Logistics,Shipping/Logistics,Logistics,"Lagos, Nigeria",,+2349062832947,,,websearch Lagos logistics,50,basic,pending,2026-06-29,,,,,,NO,,,,,,,folder
gein-freight-and-logistics-services-ltd,GEIN Freight & Logistics Services LTD,GEIN Freight & Logistics Services LTD,Logistics,Freight/Logistics,Logistics,"Lagos, Nigeria",,+2348037437098,,,websearch Lagos logistics,50,basic,pending,2026-06-29,,,,,,YES,,,,,,,folder
banadel-logistics,Banadel Logistics,Banadel Logistics,Logistics,Courier/Transport/Logistics,Logistics,"Ibadan, Southwest Nigeria",,+2348166563812,,,websearch Southwest logistics,50,basic,pending,2026-06-29,,,,,,YES,,,,,,,folder
dhl-international-onitsha,DHL International Onitsha,DHL International Courier Services,Logistics,Courier/Freight/Logistics,Logistics,"Onitsha, Southeast Nigeria",,08039077000,,https://www.dhl.com,SearXNG Southeast logistics,50,basic,pending,2026-06-30,,,,,,NO,,,,,,,folder
oriad-global-investment,Oriad Global Investment Ltd,Oriad Global Investment Ltd,Logistics,customs clearing,Logistics,"Abuja, Nigeria",,+2348036198663,info@oriadcustoms.com,https://oriadcustoms.com,SearXNG specialized logistics,50,basic,pending,2026-06-30,,,,,,UNKNOWN,,,,,,,folder
two-logistics-and-solutions,Two Logistics and Solutions,Two Logistics and Solutions,Logistics,Courier/Freight/Logistics,Logistics,"Ibadan, Southwest Nigeria",,08120291422,,,SearXNG Southwest logistics,50,basic,pending,2026-06-30,,,,,,UNKNOWN,,,,,,,folder
nestello-group,Nestello Group,Nestello Group,Logistics,Courier/Freight/Logistics,Logistics,"Aba, Southeast Nigeria",,08030858205,,,SearXNG Southeast logistics,50,basic,pending,2026-06-30,,,,,,UNKNOWN,,,,,,,folder
bm-global-import-and-export-company-limited,BM Global Import and Export Company Limited,BM Global Import and Export Company Limited,Logistics,Customs Clearing/Logistics,Logistics,"Lagos, Nigeria",,08130010080,contacts@bmglobal.ng,https://bmglobal.ng,websearch Lagos logistics,50,basic,pending,2026-06-29,,,,,,YES,,,,,,,folder
aminu-transport-services,Aminu Transport Services,Aminu Transport Services,Logistics,Courier/Freight/Logistics,Logistics,"Lafia, North-Central Nigeria",,08108402033,,,SearXNG North-Central logistics,50,basic,pending,2026-06-30,,,,,,NO,,,,,,,folder
cranes-r-us-nigeria,Cranes R Us Nig. Ltd,Cranes R Us Nig. Ltd,Logistics,heavy haulage,Logistics,"Lagos, Nigeria",,+2347074528289,info@cranes-r-us.com,https://cranesrusng.com,SearXNG specialized logistics,50,basic,pending,2026-06-30,,,,,,NO,,,,,,,folder
transroyal-courier-sagamu,TransRoyal Courier Sagamu,TransRoyal Courier Sagamu,Logistics,Courier/Freight/Logistics,Logistics,"Sagamu, Southwest Nigeria",,08087189029,,,SearXNG Southwest logistics,50,basic,pending,2026-06-30,,,,,,UNKNOWN,,,,,,,folder
excellent-way-global-services-ltd,Excellent Way Global Services Ltd,Excellent Way Global Services Ltd,Logistics,Freight/Logistics,Logistics,"Onitsha, South-South Nigeria",,+2347025833363,,http://www.excellentwaycargo.com,websearch South-South logistics,50,basic,pending,2026-06-29,,,,,,YES,,,,,,,folder
bowagate-global,BowaGate Global Ltd,BowaGate Global Ltd,Logistics,freight,Logistics,"Lagos, Nigeria",,+2348147068472,,https://bowagateglobal.com,SearXNG specialized logistics,50,basic,pending,2026-06-30,,,,,,YES,,,,,,,folder
trancity-shuttle,TranCity Shuttle,TranCity Shuttle,Logistics,Courier/Transport/Logistics,Logistics,"Ilorin, Southwest Nigeria",,+2348171374067,,,websearch Southwest logistics,50,basic,pending,2026-06-29,,,,,,NO,,,,,,,folder
chriscontinental-enterprises-limited,Chriscontinental Enterprises Limited,Chriscontinental Enterprises Limited,Logistics,Logistics,Logistics,"Kano, Northern Nigeria",,08038857866,,,websearch Northern logistics,50,basic,pending,2026-06-29,,,,,,NO,,,,,,,folder
nes-shipping-limited,NES Shipping Limited,NES Shipping Limited,Logistics,Freight Forwarding/Shipping Agency,Logistics,"Lagos, Nigeria",,+2347061842497,info@nesshipping.com,https://nesshipping.com,websearch Lagos logistics,50,basic,pending,2026-06-29,,,,,,YES,,,,,,,folder
izu-courier-service,Izu Courier Service,Izu Courier Service,Logistics,Courier/Freight/Logistics,Logistics,"Aba, Southeast Nigeria",,08038924799,,,SearXNG Southeast logistics,50,basic,pending,2026-06-30,,,,,,UNKNOWN,,,,,,,folder
ekesons-parcel-services-owerri,Ekesons Parcel Services Owerri,Ekesons Parcel Services Ltd,Logistics,Courier/Freight/Logistics,Logistics,"Owerri, Southeast Nigeria",,07088685003,,https://www.epsng.org,SearXNG Southeast logistics,50,basic,pending,2026-06-30,,,,,,NO,,,,,,,folder
easy-delivery-abeokuta,Easy Delivery Abeokuta,Easy Delivery Abeokuta,Logistics,Courier/Freight/Logistics,Logistics,"Abeokuta, Southwest Nigeria",,08136225341,,,SearXNG Southwest logistics,50,basic,pending,2026-06-30,,,,,,YES,,,,,,,folder
charlesbonart-nigeria,CharlesBonart Nig Ltd,CharlesBonart Nig Ltd,Logistics,customs clearing,Logistics,"Lagos, Nigeria",,+2348036469098,charlesbonart@gmail.com,https://charlesbonart.com,SearXNG specialized logistics,50,basic,pending,2026-06-30,,,,,,YES,,,,,,,folder
bondwell-group,Bondwell Group,Bondwell Group,Logistics,Logistics/Courier,Logistics,"Awka, South-South Nigeria",,+2348036805836,,https://bondwellgroup.com,websearch South-South logistics,50,basic,pending,2026-06-29,,,,,,YES,,,,,,,folder
goldpark-logistics-limited,Goldpark Logistics Limited,Goldpark Logistics Limited,Logistics,Logistics/Warehousing,Logistics,"Lagos, Nigeria",,+2348052239281,,,websearch Lagos logistics,50,basic,pending,2026-06-29,,,,,,YES,,,,,,,folder
emmanuelz-logistics,Emmanuelz Logistics,Emmanuelz Logistics,Logistics,Courier/Transport/Logistics,Logistics,"Abeokuta, Southwest Nigeria",,+2348025060873,,,websearch Southwest logistics,50,basic,pending,2026-06-29,,,,,,YES,,,,,,,folder
happy-helpers-abeokuta,Happy Helpers Abeokuta,Happy Helpers Abeokuta,Logistics,Courier/Freight/Logistics,Logistics,"Abeokuta, Southwest Nigeria",,08064356821,,,SearXNG Southwest logistics,50,basic,pending,2026-06-30,,,,,,YES,,,,,,,folder
tres-freight,Tres Freight,Tres Freight,Logistics,Freight Forwarding/Air & Ocean Freight,Logistics,"Lagos, Nigeria",,+2348039868130,info@tresfreight.com,https://tresfreight.com,websearch Lagos logistics,50,basic,pending,2026-06-29,,,,,,YES,,,,,,,folder
african-haulage-and-distribution-limited,African Haulage & Distribution Limited,African Haulage & Distribution Limited,Logistics,Haulage/Distribution,Logistics,"Lagos, Nigeria",,+2348129938404,,https://africanhaulage.com,websearch Lagos logistics,50,basic,pending,2026-06-29,,,,,,NO,,,,,,,folder
transroyal-courier,TransRoyal Courier,TransRoyal Courier,Logistics,Courier/Freight/Logistics,Logistics,"Abuja, Nigeria",,+2347015825903,,,websearch Abuja logistics,50,basic,pending,2026-06-29,,,,,,NO,,,,,,,folder
neon-integrated-logistics,Neon Integrated Logistics,Neon Integrated Logistics,Logistics,freight,Logistics,"Lagos, Nigeria",,+2348087160886,,https://neonlogistic.com,SearXNG specialized logistics,50,basic,pending,2026-06-30,,,,,,+2348087160886,,,,,,,folder
MG-768e7caf-170,Wibe Delivery Services,,Logistics,courier,,,Dei Dei,+2348065075805,info@wibeng.com,https://www.wibeng.com,finelib.com,90,deep,valid,2026-06-18T18:20:24.879385,,,,,,YES,Emmanuel Fawibe (Oluwawibe Emmanuel),M.D/CEO,info@wibeng.com,https://linkedin.com/in/oluwawibe-emmanuel,+2348065075805,LinkedIn,folder
khasa-a-ventures,Khasa A Ventures,Khasa A Ventures,Logistics,Courier/Logistics,Logistics,"Minna, Northern Nigeria",,08120111278,,,websearch Northern logistics,50,basic,pending,2026-06-29,,,,,,NO,,,,,,,folder
bhn-logistics-limited,BHN Logistics Limited,BHN Logistics Limited,Logistics,Courier/Freight/Logistics,Logistics,"Ibafo, Southwest Nigeria",,08055096647,,,SearXNG Southwest logistics,50,basic,pending,2026-06-30,,,,,,YES,,,,,,,folder
MG-768e7caf-148,SwiftCity Nigeria Ltd,,Logistics,logistics,,,Wuse 2,+2347085792794,info@swiftcityng.com,https://swiftcityng.com,finelib.com,90,deep,valid,2026-06-18T18:20:24.879385,,,,,,NO,,,,,,,folder
midas-express-shipping,Midas Express Shipping & Freight,Midas Express Shipping & Freight,Logistics,freight,Logistics,"Lagos, Nigeria",,+2347025004984,,https://midasshipping.com,SearXNG specialized logistics,50,basic,pending,2026-06-30,,,,,,+2347025004984,,,,,,,folder
MG-768e7caf-137,Chase Express Services Limited,,Logistics,logistics,,,Wuse 2,+2348184166289,info@chaseexpressng.com,https://chaseexpressng.com,finelib.com,90,deep,valid,2026-06-18T18:20:24.879385,,,,,,YES,Benjamin Okoh,Managing Director,,https://linkedin.com/in/benjamin-okoh-884b75326,,websearch,folder
prose-integrated-ltd,Prose Integrated Ltd,Prose Integrated Ltd,Logistics,Courier/Freight/Logistics,Logistics,"Abuja, North-Central Nigeria",,08053155515,,,SearXNG North-Central logistics,50,basic,pending,2026-06-30,,,,,,UNKNOWN,,,,,,,folder
fortune-global-shipping-and-logistics-limited,Fortune Global Shipping and Logistics Limited,Fortune Global Shipping and Logistics Limited,Logistics,Freight Forwarding/Warehousing,Logistics,"Lagos, Nigeria",,+2348149687490,,https://fglobalshipping.com,websearch Lagos logistics,50,basic,pending,2026-06-29,,,,,,NO,,,,,,,folder
penchin-global-services,Penchin Global Services Limited,Penchin Global Services Limited,Logistics,oil & gas,Logistics,"Port Harcourt, Nigeria",,+2347043000078,info@penchingroup.com,https://penchingroup.com,SearXNG specialized logistics,50,basic,pending,2026-06-30,,,,,,UNKNOWN,,,,,,,folder
asap-pickup-and-deliveries,Asap Pickup and Deliveries,Asap Pickup and Deliveries,Logistics,Courier/Freight/Logistics,Logistics,"Abuja, Nigeria",,+2348179000002,,,websearch Abuja logistics,50,basic,pending,2026-06-29,,,,,,NO,,,,,,,folder
skyfots-global-logistics,SkyFots Global Logistics,SkyFots Global Logistics,Logistics,Courier/Freight/Logistics,Logistics,"Ibadan, Southwest Nigeria",,08026148026,,,SearXNG Southwest logistics,50,basic,pending,2026-06-30,,,,,,UNKNOWN,,,,,,,folder
porter-express,Porter Express,Porter Express,Logistics,Courier/Freight/Logistics,Logistics,"Abuja, Nigeria",,+2347040200006,,,websearch Abuja logistics,50,basic,pending,2026-06-29,,,,,,NO,,,,,,,folder
satund-international-logistics,Satund International Logistics,Satund International Logistics,Logistics,Clearing & Forwarding,Logistics,"Calabar, South-South Nigeria",,+2348173319366,,,websearch South-South logistics,50,basic,pending,2026-06-29,,,,,,NO,,,,,,,folder
freightliner-logistics-services,Freightliner Logistics Services Ltd,Freightliner Logistics Services Ltd,Logistics,freight,Logistics,"Lagos, Nigeria",,+2349152194151,info@freightlinerlogistics.com,https://freightlinerlogistics.com,SearXNG specialized logistics,50,basic,pending,2026-06-30,,,,,,NO,,,,,,,folder
prime-ocean-logistics-limited,Prime Ocean Logistics Limited,Prime Ocean Logistics Limited,Logistics,Clearing & Forwarding/Transportation/Warehousing,Logistics,"Lagos, Nigeria",,+2348029088573,info@primeocean.com.ng,https://primeocean.com.ng,websearch Lagos logistics,50,basic,pending,2026-06-29,,,,,,YES,,,,,,,folder
delta-line-booking-office,Delta Line Booking Office,Delta Line Booking Office,Logistics,Transport/Logistics,Logistics,"Kaduna, Northern Nigeria",,09072255814,,,websearch Northern logistics,50,basic,pending,2026-06-29,,,,,,YES,,,,,,,folder
cold-sylos,Cold Sylos,Cold Sylos,Logistics,cold chain,Logistics,"Abuja, Nigeria",,+2349077633243,info@coldsylos.com,https://coldsylos.com,SearXNG specialized logistics,50,basic,pending,2026-06-30,,,,,,YES,,,,,,,folder
yme-express-services,YME Express Services,YME Express Services,Logistics,Courier/Transport/Logistics,Logistics,"Akure, Southwest Nigeria",,+2348165339670,,,websearch Southwest logistics,50,basic,pending,2026-06-29,,,,,,YES,,,,,,,folder
b-m-badamasi-jirago-nigeria-ltd,B M Badamasi Jirago Nigeria Ltd,B M Badamasi Jirago Nigeria Ltd,Logistics,Courier/Freight/Logistics,Logistics,"Jos, North-Central Nigeria",,08039224444,,,SearXNG North-Central logistics,50,basic,pending,2026-06-30,,,,,,NO,,,,,,,folder
seabed-logistics-services,Seabed Logistics Services Limited,Seabed Logistics Services Limited,Logistics,maritime,Logistics,"Lagos, Nigeria",,+23413426977,info@sbls.com.ng,https://sbls.com.ng,SearXNG specialized logistics,50,basic,pending,2026-06-30,,,,,,UNKNOWN,,,,,,,folder
faith-motors-enugu,Faith Motors Enugu,Faith Motors,Logistics,Courier/Freight/Logistics,Logistics,"Enugu, Southeast Nigeria",,08062545436,,,SearXNG Southeast logistics,50,basic,pending,2026-06-30,,,,,,YES,,,,,,,folder
bmax-global,Bmax Global,Bmax Global,Logistics,Courier/Freight/Logistics,Logistics,"Abuja, Nigeria",,+2347036557979,,,websearch Abuja logistics,50,basic,pending,2026-06-29,,,,,,NO,,,,,,,folder
upright-intl-logistics-ltd,Upright Int'l Logistics Ltd,Upright Int'l Logistics Ltd,Logistics,Freight/Logistics,Logistics,"Port Harcourt, South-South Nigeria",,+2347025523280,,,websearch South-South logistics,50,basic,pending,2026-06-29,,,,,,YES,,,,,,,folder
abex-courier-services,Abex Courier Services,Abex Courier Services,Logistics,Courier/Freight/Logistics,Logistics,"Abuja, Nigeria",,+2348033283480,,,websearch Abuja logistics,50,basic,pending,2026-06-29,,,,,,NO,,,,,,,folder
fluxy-pryme-logistics,Fluxy Pryme Logistics,Fluxy Pryme Logistics,Logistics,Courier/Freight/Logistics,Logistics,"Akure, Southwest Nigeria",,07086667886,,,SearXNG Southwest logistics,50,basic,pending,2026-06-30,,,,,,YES,,,,,,,folder
earlygo-logistics-ogbomosho,EarlyGo Logistics Ogbomosho,EarlyGo Logistics Ogbomosho,Logistics,Courier/Freight/Logistics,Logistics,"Ogbomosho, Southwest Nigeria",,08135371994,,https://earlygologistics.com.ng,SearXNG Southwest logistics,50,basic,pending,2026-06-30,,,,,,YES,,,,,,,folder
MG-768e7caf-030,City Errands International Services,,Logistics,courier,,,Garki,+2348035969098,,cityerrandsng.com,finelib.com,75,deep,valid,2026-06-18T18:20:24.879385,,,,,,YES,City Errands Management,Management Team,c.errands@yahoo.com,,+2348035969098,Business Directory / Instagram,folder
stargate-logistics-limited,Stargate Logistics Limited,Stargate Logistics Limited,Logistics,oil & gas,Logistics,"Lagos, Nigeria",,+2349013755555,info@stargatelogistics-ng.com,https://stargatelogisticsltd.com,SearXNG specialized logistics,50,basic,pending,2026-06-30,,,,,,+2349013755555,,,,,,,folder
amuh-trading-and-logistics,Amuh Trading & Logistics,Amuh Trading & Logistics,Logistics,Freight/Logistics,Logistics,"Benin City, South-South Nigeria",,+2348185607510,,,websearch South-South logistics,50,basic,pending,2026-06-29,,,,,,NO,,,,,,,folder
main-service-shipping-cargo-ltd,Main Service Shipping Cargo Ltd,Main Service Shipping Cargo Ltd,Logistics,Shipping/Freight,Logistics,"Onitsha, South-South Nigeria",,+2349083413815,,,websearch South-South logistics,50,basic,pending,2026-06-29,,,,,,NO,,,,,,,folder
the-link-logistics,The Link Logistics,The Link Logistics,Logistics,Courier/Freight/Logistics,Logistics,"Sango Ota, Southwest Nigeria",,08036492466,,,SearXNG Southwest logistics,50,basic,pending,2026-06-30,,,,,,UNKNOWN,,,,,,,folder
cee-vee-cee-nigeria,CEE VEE CEE Nigeria Ltd,CEE VEE CEE Nigeria Ltd,Logistics,oil & gas,Logistics,"Port Harcourt, Nigeria",,+2348033093335,,https://cvcnigeria.com,SearXNG specialized logistics,50,basic,pending,2026-06-30,,,,,,YES,,,,,,,folder
bethran-logistics,Bethran Logistics,Bethran Logistics,Logistics,Courier/Freight/Logistics,Logistics,"Enugu, Southeast Nigeria",,09020216719,,,SearXNG Southeast logistics,50,basic,pending,2026-06-30,,,,,,NO,,,,,,,folder
vavoom-express-services,Vavoom Express Services,Vavoom Express Services,Logistics,Courier Services,Logistics,"Awka, South-South Nigeria",,+2348120406000,,,websearch South-South logistics,50,basic,pending,2026-06-29,,,,,,NO,,,,,,,folder
peacock-cargo-and-courier-services,Peacock Cargo and Courier Services,Peacock Cargo & Courier Services,Logistics,Courier/Freight/Logistics,Logistics,"Aba, Southeast Nigeria",,08092314539,,,SearXNG Southeast logistics,50,basic,pending,2026-06-30,,,,,,UNKNOWN,,,,,,,folder
segmiles-logistics,Segmiles Logistics,Segmiles Logistics,Logistics,Courier/Transport/Logistics,Logistics,"Ibadan, Southwest Nigeria",,+2349131623440,,,websearch Southwest logistics,50,basic,pending,2026-06-29,,,,,,YES,,,,,,,folder
sureways-logistics-nigeria,Sureways Logistics Nigeria,Sureways Logistics Nig.,Logistics,Courier/Freight/Logistics,Logistics,"Owerri, Southeast Nigeria",,07015668757,,,SearXNG Southeast logistics,50,basic,pending,2026-06-30,,,,,,UNKNOWN,,,,,,,folder
tranex-plc,TRANEX Plc,TRANEX Plc,Logistics,Courier/Transport/Logistics,Logistics,"Abeokuta, Southwest Nigeria",,+2348123682573,,,websearch Southwest logistics,50,basic,pending,2026-06-29,,,,,,NO,,,,,,,folder
seven-logistics-ng,Seven Logistics NG,Seven Logistics NG,Logistics,Freight/Logistics,Logistics,"Uyo, South-South Nigeria",,+2347048340611,,,websearch South-South logistics,50,basic,pending,2026-06-29,,,,,,YES,,,,,,,folder
redline-logistics-nigeria-limited,Redline Logistics Nigeria Limited,Redline Logistics Nigeria Limited,Logistics,Logistics Services,Logistics,"Lagos, Nigeria",,+2347012100001,,,websearch Lagos logistics,50,basic,pending,2026-06-29,,,,,,NO,,,,,,,folder
teile-express-motors-nigeria-ltd,Teile Express Motors Nigeria Ltd,Teile Express Motors Nigeria Ltd,Logistics,Courier/Freight/Logistics,Logistics,"Karu, North-Central Nigeria",,08068071983,,,SearXNG North-Central logistics,50,basic,pending,2026-06-30,,,,,,UNKNOWN,,,,,,,folder
